goalName,goalId,URL,ICON
UPSC CSE,624ff334ea0f9057d3f11a91,https://testbook.com/upsc-cse-previous,https://cdn.testbook.com/resources/productionimages/goal_images/624ff334ea0f9057d3f11a91.png
All SSC Exams,628371bfaf01a9ffa02374a2,https://testbook.com/ssc,https://cdn.testbook.com/resources/productionimages/1920X966%20%282%29_All_1714171461.png
BPSC,62973a64d586df79efc748a2,https://testbook.com/bpsc-previous,https://cdn.testbook.com/resources/productionimages/goal_images/62973a64d586df79efc748a2.png
AE & JE - Electrical,629bb250c7b88903140ab781,https://testbook.com/ae-je-electrical,https://cdn.testbook.com/resources/productionimages/TEACHING_All_1757409971.png
AE & JE - Mechanical,629f3571e1ba553aa3b91bff,https://testbook.com/ae-je-mechanical,https://cdn.testbook.com/resources/productionimages/TEACHING%20%282%29_All_1757409917.png
AE & JE - Civil,629f359f7c4c3d752a464f86,https://testbook.com/ae-je-civil,https://cdn.testbook.com/resources/productionimages/TEACHING%20%281%29_All_1757409860.png
Banking & Insurance Super Pack,62b076cfabac16bece581bd5,https://testbook.com/bank-exams,https://cdn.testbook.com/resources/productionimages/24_All_1731314958.png
GATE Mechanical,62b20f77b5e26373ba4e697d,https://testbook.com/gate-mechanical,https://cdn.testbook.com/resources/productionimages/Goal%20Icon%20Rectangle%20%285%29_All_1735201622.png
Bihar SSC CGL + Daroga + Civil Court,62b2ca20300a2f23b5885605,https://testbook.com/bihar-govt-job,https://cdn.testbook.com/resources/productionimages/goal_images/62b2ca20300a2f23b5885605.png
CUET,62b2cce2f4404c0c536ae861,https://testbook.com/cuet,https://cdn.testbook.com/resources/productionimages/goal_images/62b2cce2f4404c0c536ae861.png
AAI ATC,62baa814496b8f447cc552c4,https://testbook.com/aai-atc,https://cdn.testbook.com/resources/productionimages/goal_images/62baa814496b8f447cc552c4_oct2024_1.png
GATE Civil,62baf912a71729a10a088d6a,https://testbook.com/gate-civil,https://cdn.testbook.com/resources/productionimages/Goal%20Icon%20Rectangle%20%289%29_All_1735890510.png
"CDS, CAPF & AFCAT",62bbfeb54a6ab4958508174e,https://testbook.com/cds-afcat-capf,https://cdn.testbook.com/resources/productionimages/goal_images/62bbfeb54a6ab4958508174e.png
Railway,62bc01f57e5b79b8b3fa2859,https://testbook.com/railway,https://cdn.testbook.com/resources/productionimages/62bc01f57e5b79b8b3fa2859_All_1705682018.png
GATE Electrical,62bc38893d1eae0b548eba7a,https://testbook.com/gate-electrical,https://cdn.testbook.com/resources/productionimages/Goal%20Icon%20Rectangle%20%286%29_All_1735206712.png
GATE CSE,62bca84d2c4f0e9ac6ff873f,https://testbook.com/gate-cse,https://cdn.testbook.com/resources/productionimages/Goal%20Icon%20Rectangle%20%284%29_All_1735200508.png
GATE ECE,62c7ea1bb6f96bd5da884d6a,https://testbook.com/gate-ece,https://cdn.testbook.com/resources/productionimages/goal_images/62c7ea1bb6f96bd5da884d6a.png
CTET & State TET,62d6aacd540913fc16b4e56a,https://testbook.com/ctet-state-tet,https://cdn.testbook.com/resources/productionimages/goal_images/62d6aacd540913fc16b4e56a_oct2024_1.png
UGC NET/SET 1.0,62e4e0d81cf9fdee2cde004d,https://testbook.com/ugc-net-batch-1,https://cdn.testbook.com/resources/productionimages/goal_images/62e4e0d81cf9fdee2cde004d.png
UPPSC,62e621487cbf34075dc7e9c2,https://testbook.com/uppsc,https://cdn.testbook.com/resources/productionimages/62e621487cbf34075dc7e9c2_All_1705340386.jpg
UPSSSC PET,62f647943235b45ce930adb4,https://testbook.com/upsssc-pet,https://cdn.testbook.com/resources/productionimages/goal_images/62f647943235b45ce930adb4_oct2024_1.png
Bihar Daroga,62f77213cbf7d4e21f757337,https://testbook.com/bihar-police,https://cdn.testbook.com/resources/productionimages/goal_images/62f77213cbf7d4e21f757337_oct2024_1.png
BSSC CGL Supercoaching,62f779023ee4efade1bad95e,https://testbook.com/bssc-cgl,https://cdn.testbook.com/resources/productionimages/goal_images/62f779023ee4efade1bad95e.png
"RBI, NABARD & SEBI Exams",630c90e4fe21fcc7b8dfbbc9,https://testbook.com/rbi-sebi-nabard,https://cdn.testbook.com/resources/productionimages/goal_images/630c90e4fe21fcc7b8dfbbc9.png
"PRT, TGT & PGT Mahapack",63140b9349ab0db12bc4d973,https://testbook.com/teaching-exam-prt-tgt-pgt,https://cdn.testbook.com/resources/productionimages/goal_images/63140b9349ab0db12bc4d973_oct2024_1.png
CTET Guaranteed Qualification Program DEC 2024 (GQP),6315f44f52381006c663a5c4,https://testbook.com/ctet-gqp,https://cdn.testbook.com/resources/productionimages/1920X966_All_1734346872.png
REET 2024,6316f9cb6041b79c5886fad8,https://testbook.com/reet,https://cdn.testbook.com/resources/productionimages/1920X966_All_1734090292.png
UPTET,63173d623d8ada5436bd513b,https://testbook.com/uptet,https://cdn.testbook.com/resources/productionimages/goal_images/63173d623d8ada5436bd513b.png
MPTET,63174260d525215e20f4ef24,https://testbook.com/mptet,https://cdn.testbook.com/resources/productionimages/goal_images/63174260d525215e20f4ef24.png
Jharkhand TET,63174e84706d62d985153d58,https://testbook.com/jtet,https://cdn.testbook.com/resources/productionimages/1920X966_All_1718968985.png
DRDO CEPTAM,6319ca635da3315fe1e43cc4,https://testbook.com/drdo-ceptam,https:
MPSC,631b07344568457b6bd4ba7b,https://testbook.com/mpsc-previous,https://cdn.testbook.com/resources/productionimages/goal_images/631b07344568457b6bd4ba7b.png
UP Police,63296bd595b18921025d2c7f,https://testbook.com/up-police-bharti,https:
Bihar Civil Court,632ad19616774647c8630635,https://testbook.com/bihar-civil-court,https://cdn.testbook.com/resources/productionimages/goal_images/632ad19616774647c8630635_oct2024_1.png
MPPPSC,632db81a11dd1ed778b10516,https://testbook.com/rpsc,
Maharashtra Police Bharti,6332f5976082481e3a9ded98,https://testbook.com/maharashtra-police,https://cdn.testbook.com/resources/productionimages/goal_images/6332f5976082481e3a9ded98_oct2024_1.png
Agniveer Vayu,6335a8c7c09aab100acd349e,https://testbook.com/agniveer-vayu,https://cdn.testbook.com/resources/productionimages/goal_images/6335a8c7c09aab100acd349e.png
NDA,633af140e108ad7f9ea676ee,https://testbook.com/nda,https:
SSC IMD,63467dc9c121a3707559ddb3,https://testbook.com/ssc-imd,https:
AE/JE + DRDO + AAI ATC,634e9bb43fe2ab870bd6301c,https://testbook.com/aeje-drdo-aai-atc-dhamaka-pack,https:
UPSC CSE + BPSC + MPSC+ UPPSC,634e9e59aa046cc8fc8142c7,https://testbook.com/upsc-psc-dhamaka-pack,
CTET + State TET + PRT + TGT + PGT,634ea981d9a5097800b2d3e7,https://testbook.com/teaching-dhamaka-pack,https://cdn.testbook.com/resources/productionimages/goal_images/634ea981d9a5097800b2d3e7.png
SSC + Banking + Railways Combo,634eb0e3f23e979e9a939574,https://testbook.com/sbrd-dhamaka-pack,https://cdn.testbook.com/resources/productionimages/goal_images/634eb0e3f23e979e9a939574.png
All Engineering Exams,634fe740c13167995ba1c960,https://testbook.com/aeje-gate-dhamaka-pack,https:
UP Govt. Job,635baee6d80ddb2d0341fdd3,https://testbook.com/up-govt-job,
RRB ALP (CBT 1 + CBT 2 + CBAT),63637eddce48f1791af9592a,https://testbook.com/rrb-alp-2024,https://cdn.testbook.com/resources/productionimages/1920X966_All_1742974277.png
SSC GD,6363bbee44dffe328f0769ce,https://testbook.com/ssc-gd,https://cdn.testbook.com/resources/productionimages/goal_images/6363bbee44dffe328f0769ce.png
Delhi Police Constable,63691b164ca543b3931c0e58,https://testbook.com/delhi-police-constable,https://cdn.testbook.com/resources/productionimages/66a0a677977113d7772ca0ec_oct2024_1%20%281%29_All_1741354629.jpg
MPPSC,636f861b7e3f6408f3b2fc47,https://testbook.com/mppsc,https:
SSC CHSL (Tier 1 + Tier 2),637758e8770f28f43470ba91,https://testbook.com/ssc-chsl,https://cdn.testbook.com/resources/productionimages/SSC%20CHSL_All_1741675251.png
MP Patwari,637e62929913cc98ff95df4b,https://testbook.com/mp-patwari,https://cdn.testbook.com/resources/productionimages/659e54a95a122e99228b1c1c_oct2024_1%20%289%29_All_1736859301.jpg
Allahabad High Court,63845d4f60ac451b02609721,https://testbook.com/allahabad-high-court-exam,https://cdn.testbook.com/resources/productionimages/goal_images/63845d4f60ac451b02609721.png
"MP वन रक्षक, क्षेत्र रक्षक और जेल प्रहरी",6386fbe26fb48e7f0bd4ea34,https://testbook.com/mp-forest-guard-field-guard-jail-prahari,https://cdn.testbook.com/resources/productionimages/goal_images/6386fbe26fb48e7f0bd4ea34.png
KVS,63870a1de5e1c1f94c28a963,https://testbook.com/kvs,https://cdn.testbook.com/resources/productionimages/goal_images/63870a1de5e1c1f94c28a963.png
NPCIL Scientific Assistant & Stipendiary Trainee,638f51b741c57894a19258fe,https://testbook.com/npcil-scientific-assistant-and-stipendiary-trainee,https://cdn.testbook.com/resources/productionimages/goal_images/638f51b741c57894a19258fe.png
SSC CGL Tier 2,639428f33155978ab7b8f4a6,https://testbook.com/ssc-cgl-tier-2-complete,https://cdn.testbook.com/resources/productionimages/goal_images/639428f33155978ab7b8f4a6.png
MP Vyapam Group 4,639981f4b4d03e3813e93820,https://testbook.com/mp-vyapam-group-4,https://cdn.testbook.com/resources/productionimages/goal_images/639981f4b4d03e3813e93820.png
Rajasthan 3rd Grade Teacher,639abed2dadb299af051892d,https://testbook.com/rajasthan-3rd-grade-teacher,https://cdn.testbook.com/resources/productionimages/goal_images/639abed2dadb299af051892d.png
KVS Junior Secretariat & Stenographer,63a2f989b0bac52a222b8c4b,https://testbook.com/kvs-junior-secretariat-assistant-and-stenographer,https://cdn.testbook.com/resources/productionimages/goal_images/63a2f989b0bac52a222b8c4b.png
CSIR NET/SET,63a3c72cbf80fd652cba2f6a,https://testbook.com/csir-net,https://cdn.testbook.com/resources/productionimages/CSIR_All_1759833610.png
Maharashtra talathi,63ad3e0a2464f14b5b98630c,https://testbook.com/maharashtra-talathi,https://cdn.testbook.com/resources/productionimages/659e54a95a122e99228b1c1c_oct2024_1%20%283%29_All_1736510365.jpg
CRPF Head Constable & ASI Steno,63ad8c421fd1571b1001aaf0,https://testbook.com/crpf-head-constable-and-asi-steno,https://cdn.testbook.com/resources/productionimages/goal_images/63ad8c421fd1571b1001aaf0.png
Odisha Police Constable,63aec34cdd497231561eb990,https://testbook.com/odisha-police-constable,https://cdn.testbook.com/resources/productionimages/goal_images/63aec34cdd497231561eb990_oct2024_1.png
Rajasthan CET Senior Secondary,63aee9b8fa4bb19580ef3968,https://testbook.com/rajasthan-cet-for-senior-secondary,https://cdn.testbook.com/resources/productionimages/goal_images/63aee9b8fa4bb19580ef3968.png
MPTET शिक्षक भर्ती वर्ग 2 (पात्रता परीक्षा),63b6d948af73486da9bd0217,https://testbook.com/mptet-varg-2,https://cdn.testbook.com/resources/productionimages/goal_images/63b6d948af73486da9bd0217.png
MPTET शिक्षक भर्ती वर्ग 3 (पात्रता परीक्षा),63b7e38ed4f94e2d320cdc1e,https://testbook.com/mptet-varg-3,https://cdn.testbook.com/resources/productionimages/1920X966_All_1727690357.png
SSC Foundation Live Batch By Abhinay Maths,63b9d2d25486737c83e4738f,https://testbook.com/ssc-foundation-live-batch-by-abhinay-maths,https://cdn.testbook.com/resources/productionimages/goal_images/63b9d2d25486737c83e4738f.png
MPTET शिक्षक भर्ती वर्ग 1 (पात्रता परीक्षा),63bbce216d49dd288ece087f,https://testbook.com/mptet-varg-1,https://cdn.testbook.com/resources/productionimages/goal_images/63bbce216d49dd288ece087f.png
MP Police SI,63bd157b1bdb0324f5a01f25,https://testbook.com/mp-police-si,https://cdn.testbook.com/resources/productionimages/goal_images/63bd157b1bdb0324f5a01f25.png
SSC MTS,63bd3a1ad81711d97406f4ea,https://testbook.com/ssc-mts,https://cdn.testbook.com/resources/productionimages/1920X966%20%283%29_All_1714707237.png
Advanced Maths Foundation Live Batch by Abhinay Maths,63bd40616938c1038517327e,https://testbook.com/advanced-maths-foundation-live-batch-by-abhinay-maths,https://cdn.testbook.com/resources/productionimages/goal_images/63bd40616938c1038517327e.png
MPSC Combined Group B & C,63bed321adeb7db68cd31177,https://testbook.com/mpsc-combined-group-b-and-c-previous,https://cdn.testbook.com/resources/productionimages/Kunal%201920x966%20%286%29_All_1729255734.png
Super Test 2,63bfc2777d528ff220c9ad17,https://testbook.com/haryana-cet-fdg,
TSPSC Group 2,63c106ccb9a985ed2998f49f,https://testbook.com/tspsc-group-2,https://cdn.testbook.com/resources/productionimages/goal_images/63c106ccb9a985ed2998f49f.png
LIC AAO,63c64a19530540e093177161,https://testbook.com/lic-aao,https://cdn.testbook.com/resources/productionimages/goal_images/63c64a19530540e093177161.png
UGC NET Crash Course,63c69da779b3bd0bc58b2da7,https://testbook.com/ugc-net-crash,https://cdn.testbook.com/resources/productionimages/goal_images/63c69da779b3bd0bc58b2da7.png
KVS Librarian,63c7f5fb77033663621dc2fe,https://testbook.com/kvs-librarian,https://cdn.testbook.com/resources/productionimages/goal_images/63c7f5fb77033663621dc2fe.png
Rajasthan Informatics Assistant,63c7fe8177033663621ea986,https://testbook.com/rajasthan-informatics-assistant,https://cdn.testbook.com/resources/productionimages/goal_images/63c7fe8177033663621ea986.png
LIC ADO,63c8ec4acb8b39c5f5a972bc,https://testbook.com/lic-ado,https://cdn.testbook.com/resources/productionimages/goal_images/63c8ec4acb8b39c5f5a972bc.png
IB Security Assistant & MTS,63cb66578f6b488bc36a1cf2,https://testbook.com/ib-security-assistant,https://cdn.testbook.com/resources/productionimages/goal_images/63cb66578f6b488bc36a1cf2.png
LIC Assistant,63cb7c90ee63045220a0c5ef,https://testbook.com/lic-assistant,https://cdn.testbook.com/resources/productionimages/goal_images/63cb7c90ee63045220a0c5ef.png
UPSC CSE Prelims,63cbb1eacf54af33a590c8c0,https://testbook.com/upsc-cse-prelims,https://cdn.testbook.com/resources/productionimages/goal_images/63cbb1eacf54af33a590c8c0.png
SSC JE Electrical 2026,63cbcc8748d2b20310f18226,https://testbook.com/ssc-je-electrical,https://cdn.testbook.com/resources/productionimages/1920X966%20%281%29_All_1765195445.png
SSC JE Civil 2026,63cbce9640f7645bbc239376,https://testbook.com/ssc-je-civil-foundation,https://cdn.testbook.com/resources/productionimages/1920X966_All_1765195283.png
SSC JE Mechanical 2026,63cbd0f920b23af2dcb867fe,https://testbook.com/ssc-je-mechanical-course-2025,https://cdn.testbook.com/resources/productionimages/1920X966%20%282%29_All_1765195473.png
CISF Head Constable,63cbd992dc74fd760688acae,https://testbook.com/cisf-head-constable,https://cdn.testbook.com/resources/productionimages/goal_images/63cbd992dc74fd760688acae.png
Bihar Police Prohibition Constable (मद्य निषेध सिपाही),63ce2edbf0c63a0e4b21690d,https://testbook.com/csbc-bihar-police-prohibition-constable,https://cdn.testbook.com/resources/productionimages/goal_images/63ce2edbf0c63a0e4b21690d.png
TSPSC Group 4,63d3df292383d5e68011e426,https://testbook.com/tspsc-group-4,https:
Telangana High Court,63d79731d3e6f8ebcd3a2710,https://testbook.com/telangana-high-court,
TSPSC Group 3,63db59e86d69c87e39ada351,https://testbook.com/tspsc-group-3,https:
UPSC CSE Current Affairs 2023 by Anirudh Sir,63dbcccc4b2be880ac9a4c30,https://testbook.com/upsc-cse-current-affairs,https:
DDA JE Civil,63e0f7325e91c4f659440d19,https://testbook.com/dda-je-civil,https://cdn.testbook.com/resources/productionimages/goal_images/63e0f7325e91c4f659440d19_oct2024_1.png
Patna High Court Assistant,63e499f7c4fec8473031db22,https://testbook.com/patna-high-court-assistant,https://cdn.testbook.com/resources/productionimages/goal_images/63e499f7c4fec8473031db22.png
Kolkata Police Constable Mains,63ee2583ac62d6ca03ffc71e,https://testbook.com/kolkata-police-constable-mains,https://cdn.testbook.com/resources/productionimages/goal_images/63ee2583ac62d6ca03ffc71e.png
Testing Super,63ee29e0086100d34b9863f1,https://testbook.com/abc-testing,https:
Agniveer Army Supercoaching,63ef83d15e99bbb84ccf14c3,https://testbook.com/agniveer-army,https://cdn.testbook.com/resources/productionimages/goal_images/63ef83d15e99bbb84ccf14c3.png
UPSC EPFO EO/AO,63f4c34bd9d9294693705893,https://testbook.com/upsc-epfo-eo-ao,https://cdn.testbook.com/resources/productionimages/EO%20h_All_1741702700.png
RBI Assistant,63f7283ecf2375a29aa58805,https://testbook.com/rbi-assistant,https://cdn.testbook.com/resources/productionimages/goal_images/63f7283ecf2375a29aa58805.png
Punjab Patwari,63f72a92e86c9127ba7f4238,https://testbook.com/punjab-patwari,https://cdn.testbook.com/resources/productionimages/goal_images/63f72a92e86c9127ba7f4238.png
MPPGCL JE,63f7633f5528d0067739318b,https://testbook.com/mppgcl-junior-engineer,https://cdn.testbook.com/resources/productionimages/6436666860ed48472e16a4bb_oct2024_1%20%281%29_All_1734080573.png
DSSSB (PRT & TGT & PGT),63f7725b20f17878fdb44f96,https://testbook.com/dsssb,https://cdn.testbook.com/resources/productionimages/goal_images/63f7725b20f17878fdb44f96.png
HSSC TGT,63f8b6869cf9c5dab9e0e32e,https://testbook.com/haryana-tgt,https://cdn.testbook.com/resources/productionimages/goal_images/63f8b6869cf9c5dab9e0e32e.png
Super TET,63fe3ef2288c24496a8ad0f9,https://testbook.com/super-tet,https://cdn.testbook.com/resources/productionimages/goal_images/63fe3ef2288c24496a8ad0f9_oct2024_1.png
UPSC EPFO APFC,63fef985c7a3b87fc4d1c9b7,https://testbook.com/upsc-apfc,https://cdn.testbook.com/resources/productionimages/APFC%20h_All_1741702461.png
BSF Tradesman,63ff21b8c7c919104f258263,https://testbook.com/bsf-tradesman,https://cdn.testbook.com/resources/productionimages/goal_images/63ff21b8c7c919104f258263.png
UPTET + Super TET,63ff25d8c9d0e82802c44135,https://testbook.com/uptet-supertet,https://cdn.testbook.com/resources/productionimages/goal_images/63ff25d8c9d0e82802c44135.png
UPSC EPFO (EO/AO + APFC) Recorded Batch,6400508f0288d6aaf8f8ce53,https://testbook.com/upsc-epfo-eo-ao-apfc,https://cdn.testbook.com/resources/productionimages/hori_All_1741702262.png
NIC NIELIT Scientist & Scientific Officer/Assistant,640093de96979ed371ada95b,https://testbook.com/nic-nielit-scientist-and-scientific-officer-assistant,https://cdn.testbook.com/resources/productionimages/goal_images/640093de96979ed371ada95b_oct2024_1.png
Punjab Police Constable,6401a40268a73b2e49090d98,https://testbook.com/punjab-police-constable,https://cdn.testbook.com/resources/productionimages/goal_images/6401a40268a73b2e49090d98.png
SSC Selection Post XIII 2025,64088158e38ea4fa44f82b7c,https://testbook.com/ssc-selection-post,https://cdn.testbook.com/resources/productionimages/ssc%20boihar%20LANDSCAPE%20%281%29_All_1747579280.png
CRPF Constable Tradesman,6412cffdfa7624ab7dab3a63,https://testbook.com/crpf-constable,https://cdn.testbook.com/resources/productionimages/goal_images/6412cffdfa7624ab7dab3a63.png
AFCAT,641478d2c149f4c695642f66,https://testbook.com/afcat,https://cdn.testbook.com/resources/productionimages/AFCAT%20GOAL%20BANNER_All_1737548390.png
UPSC CAPF AC,64147f9dacc08cb16d24227a,https://testbook.com/upsc-capf-ac,https://cdn.testbook.com/resources/productionimages/goal_images/64147f9dacc08cb16d24227a.png
Haryana CET Group C,641bf90ced3ce4294497858c,https://testbook.com/haryana-cet-group-c-mains,https://cdn.testbook.com/resources/productionimages/Goal%20Icon%20Rectangle%20%281%29_All_1735050722.png
EPFO SSA,641c112112e2397d6f0acbe4,https://testbook.com/epfo-ssa,https://cdn.testbook.com/resources/productionimages/goal_images/641c112112e2397d6f0acbe4.png
RAS,642a7d426ba3d11923e88ed4,https://testbook.com/rpsc-ras,https://cdn.testbook.com/resources/productionimages/goal_images/642a7d426ba3d11923e88ed4.png
RPF Constable/SI,6436666860ed48472e16a4bb,https://testbook.com/rpf-constable-and-si,https://cdn.testbook.com/resources/productionimages/goal_images/6436666860ed48472e16a4bb_oct2024_1.png
SSC CGL & All SSC Exams + Pass Pro,64379ce16938c10385df5ab1,https://testbook.com/ssc-pass-pro,https://cdn.testbook.com/resources/productionimages/goal_images/64379ce16938c10385df5ab1.png
ITI Electrician & Electronics,6438028e0c0395297975ee1e,https://testbook.com/iti-electrician-and-electronics,https://cdn.testbook.com/resources/productionimages/Goal%20Icon%20Rectangle%20%283%29_All_1735056635.png
ITI Fitter,643807eb0c039529797690f0,https://testbook.com/iti-fitter,https://cdn.testbook.com/resources/productionimages/Goal%20Icon%20Rectangle%20%282%29_All_1735056227.png
CDS,6439387ad52eebfba803d3b8,https://testbook.com/cds,https://cdn.testbook.com/resources/productionimages/goal_images/6439387ad52eebfba803d3b8.png
UP Police ASI & SI,64394f1168456bc030f4e5e9,https://testbook.com/up-police-si-asi,https://cdn.testbook.com/resources/productionimages/goal_images/64394f1168456bc030f4e5e9_oct2024_1.png
UP Police Constable,643957288f70a4b69236f06c,https://testbook.com/up-police-constable,https://cdn.testbook.com/resources/productionimages/66a0a677977113d7772ca0ec_oct2024_1_All_1743504967.jpg
Bihar LRC Clerk,643963acc32fda654601b61c,https://testbook.com/bihar-lrc-clerk,https://cdn.testbook.com/resources/productionimages/goal_images/643963acc32fda654601b61c_oct2024_1.png
Bihar शिक्षक भर्ती (TRE 1.0),6439800c482718bf8e0ed539,https://testbook.com/bpsc-bihar-teacher,https://cdn.testbook.com/resources/productionimages/goal_images/6439800c482718bf8e0ed539.png
KVS Interview,643cf231d4ebd5fb26baacdb,https://testbook.com/kvs-interview,https://cdn.testbook.com/resources/productionimages/goal_images/643cf231d4ebd5fb26baacdb.png
Maharashtra Zilla Parishad Bharti,643d1dc7ff50af328160486e,https://testbook.com/maharashtra-zilla-parishad,https://cdn.testbook.com/resources/productionimages/goal_images/643d1dc7ff50af328160486e.png
UP Police Maha Pack,643e9a9172cca07cb8bfea92,https://testbook.com/up-police,https://cdn.testbook.com/resources/productionimages/goal_images/643e9a9172cca07cb8bfea92_oct2024_1.png
CDS+CAPF+AFCAT,643eacdf72cca07cb8c255cd,https://testbook.com/cds-capf-afcat,https://cdn.testbook.com/resources/productionimages/goal_images/643eacdf72cca07cb8c255cd.png
Haryana CET Group D,644116bcde58292aa65c47b7,https://testbook.com/haryana-cet-group-d,https://cdn.testbook.com/resources/productionimages/goal_images/644116bcde58292aa65c47b7.png
BARC Stipendiary Trainee Cat - I,6443e61fdbb56bab87a1ab25,https://testbook.com/barc-stipendiary-trainee-cat-i,https://cdn.testbook.com/resources/productionimages/goal_images/6443e61fdbb56bab87a1ab25.png
BARC Stipendiary Trainee Cat - II,6443ec08b77a263fa958c1b8,https://testbook.com/barc-stipendiary-trainee-cat-ii,https://cdn.testbook.com/resources/productionimages/goal_images/6443ec08b77a263fa958c1b8.png
SSC + Banking + Railways Combo + Pass Pro,6449373f91e06e032073e8bc,https://testbook.com/sbrd-dhamaka-pack-pro,https://cdn.testbook.com/resources/productionimages/goal_images/6449373f91e06e032073e8bc.png
UPSSSC VDO,644ba6f96186acc7b550014d,https://testbook.com/upsssc-gram-vikas-adhikari,https://cdn.testbook.com/resources/productionimages/goal_images/644ba6f96186acc7b550014d.png
MP RAEO,644bd09b610f37d910d8b30b,https://testbook.com/mp-raeo,https://cdn.testbook.com/resources/productionimages/goal_images/644bd09b610f37d910d8b30b.png
BTSC JE,6454e4bc4173db5ccefb5e70,https://testbook.com/btsc-je,https://cdn.testbook.com/resources/productionimages/goal_images/6454e4bc4173db5ccefb5e70.png
ISRO Technician B,6455f00204bd522f8f997d0a,https://testbook.com/isro-technician-b,https://cdn.testbook.com/resources/productionimages/goal_images/6455f00204bd522f8f997d0a.png
ISRO Technical Assistant,6455f3bd1f265a1a4951f4eb,https://testbook.com/isro-technical-assistant,https://cdn.testbook.com/resources/productionimages/goal_images/6455f3bd1f265a1a4951f4eb.png
CG Vyapam Teacher,6456163c60a91e7b06a7182b,https://testbook.com/chhattisgarh-vyapam-teacher,https://cdn.testbook.com/resources/productionimages/goal_images/6456163c60a91e7b06a7182b.png
Bihar शिक्षक आरंभ Pack,645a221b58725a103cf9a80e,https://testbook.com/bihar-teacher-arambh,
Testbook Super Coaching,646365ddb34eb681cd63754b,https://testbook.com/learn-dummy,https://cdn.testbook.com/resources/productionimages/goal_images/646365ddb34eb681cd63754b.png
CDS + AFCAT,6464d986ac7c3d6001e413cb,https://testbook.com/cds-afcat,https://cdn.testbook.com/resources/productionimages/goal_images/6464d986ac7c3d6001e413cb.png
DFCCIL Junior Executive,6464dd42ba041a5844d12ad2,https://testbook.com/dfccil-junior-executive,https://cdn.testbook.com/resources/productionimages/goal_images/6464dd42ba041a5844d12ad2.png
DFCCIL Operations & BD,6464dfa95e324d6f765c46e3,https://testbook.com/dfccil-operations-bd,https://cdn.testbook.com/resources/productionimages/goal_images/6464dfa95e324d6f765c46e3.png
DFCCIL Executive,6464e4511d895c1697bf2196,https://testbook.com/dfccil-executive,https://cdn.testbook.com/resources/productionimages/66a0b75613ed6e2b7ec74237_oct2024_1_All_1746179500.png
Bihar शिक्षक भर्ती (प्राथमिक),6466271c756384ed8126a734,https://testbook.com/bihar-primary-teacher-previous,https://cdn.testbook.com/resources/productionimages/goal_images/6466271c756384ed8126a734.png
Bihar शिक्षक भर्ती (प्राथमिक + माध्‍यमिक),646629eb6a064ccf825cb3f5,https://testbook.com/bihar-primary-and-secondary-teacher,https://cdn.testbook.com/resources/productionimages/goal_images/646629eb6a064ccf825cb3f5.png
Chandigarh Police Constable,646f49a588799aeb34ca173d,https://testbook.com/chandigarh-police-constable,https://cdn.testbook.com/resources/productionimages/goal_images/646f49a588799aeb34ca173d.png
JSSC JE,646f613175bc5d2b1585a50d,https://testbook.com/jssc-je,https://cdn.testbook.com/resources/productionimages/goal_images/646f613175bc5d2b1585a50d.png
UP Police Computer Operator,6470bafcba96cfd8b9e9f12e,https://testbook.com/up-police-computer-operator,https://cdn.testbook.com/resources/productionimages/goal_images/6470bafcba96cfd8b9e9f12e_oct2024_1.png
UPPSC RO ARO,64748b3fc78bf818478bac05,https://testbook.com/uppsc-ro-aro,https://cdn.testbook.com/resources/productionimages/goal_images/64748b3fc78bf818478bac05_oct2024_1.png
Nirnay IAS - UPSC CSE,6479e89115e6a9d75c451aba,https://testbook.com/upsc-cse-nirnay-ias-1,https://cdn.testbook.com/resources/productionimages/goal_images/6479e89115e6a9d75c451aba.png
Fluid Mechanics for GATE ME,6479fe6b2251913529f3bacc,https://testbook.com/fluid-mechanics-for-gate-me,https://cdn.testbook.com/resources/productionimages/goal_images/6479fe6b2251913529f3bacc.png
Geotechnical Engineering for GATE CE,647a0158f4efd2942709ccfc,https://testbook.com/geotechnical-engineering-for-gate-ce,https://cdn.testbook.com/resources/productionimages/goal_images/647a0158f4efd2942709ccfc.png
Electrical Machines for GATE EE,647a03af15e6a9d75c4825d9,https://testbook.com/electrical-machines-for-gate-ee,https://cdn.testbook.com/resources/productionimages/goal_images/647a03af15e6a9d75c4825d9.png
Electronic Devices for GATE ECE,647a05ebf4efd294270a52c2,https://testbook.com/electronic-devices-for-gate-ece,https://cdn.testbook.com/resources/productionimages/goal_images/647a05ebf4efd294270a52c2.png
Bihar Police Constable,6483001a64a150130208f3e6,https://testbook.com/bihar-police-constable,https://cdn.testbook.com/resources/productionimages/goal_images/6483001a64a150130208f3e6_oct2024_1.png
EMRS TGT/PGT,64856ca208e95276a2d7a011,https://testbook.com/emrs,https://cdn.testbook.com/resources/productionimages/COMPLETE%20PREPARATION%20%286%29_All_1709384630.png
Geography Optional by Kapil Bhardwaj (Optional),6489d387c111218fcd23c81c,https://testbook.com/geography-optional-by-kapil-bhardwaj,https://cdn.testbook.com/resources/productionimages/goal_images/6489d387c111218fcd23c81c.png
NVS,648ac8162230470d32e4babe,https://testbook.com/nvs,https://cdn.testbook.com/resources/productionimages/goal_images/648ac8162230470d32e4babe.png
NHPC JE & THDC JE,64904a6c87220388c5abb8fb,https://testbook.com/nhpc-je-and-thdc-je,https://cdn.testbook.com/resources/productionimages/goal_images/64904a6c87220388c5abb8fb.png
IBPS RRB Clerk,64905fefee86550182c44dc9,https://testbook.com/rrb-office-assistant,https://cdn.testbook.com/resources/productionimages/67_All_1731315222.png
IBPS RRB PO,6492cd4c9a524dfea399af75,https://testbook.com/ibps-rrb-po,https://cdn.testbook.com/resources/productionimages/64_All_1731315175.png
IBPS Clerk,6492cfb58d4773a1da094492,https://testbook.com/ibps-clerk,https://cdn.testbook.com/resources/productionimages/68_All_1731315262.png
MP Police Constable,6495afc715049ccd0eab74c4,https://testbook.com/mp-police-constable,https://cdn.testbook.com/resources/productionimages/goal_images/6495afc715049ccd0eab74c4.png
UPSC CSE (Hindi),649bf0b7816e7c47f44607aa,https://testbook.com/upsc-cse-hindi-previous,https://cdn.testbook.com/resources/productionimages/goal_images/649bf0b7816e7c47f44607aa.png
Bihar शिक्षक भर्ती प्राथमिक (PRT) - Crash Course,649d53e3cd824e00b434d5cd,https://testbook.com/bihar-primary-teacher-crash,https://cdn.testbook.com/resources/productionimages/goal_images/649d53e3cd824e00b434d5cd.png
Nirnay IAS 2.0 - UPSC CSE,64a2c777415e22414a43ba4e,https://testbook.com/upsc-cse-nirnay-ias-2,https://cdn.testbook.com/resources/productionimages/goal_images/64a2c777415e22414a43ba4e.png
RPSC Assistant Prof. Political Science Subject,64a5431ae3cc31bfce716a55,https://testbook.com/rpsc-assistant-professor-political-science,https://cdn.testbook.com/resources/productionimages/goal_images/64a5431ae3cc31bfce716a55.png
EMRS Accountant,64abf3d29a668abbceee930e,https://testbook.com/emrs-accountant,https://cdn.testbook.com/resources/productionimages/goal_images/64abf3d29a668abbceee930e.png
EMRS Junior Secretariat Assistant,64ad0ad00e3b80e90c4c7f32,https://testbook.com/emrs-junior-secretariat-assistant,https://cdn.testbook.com/resources/productionimages/goal_images/64ad0ad00e3b80e90c4c7f32.png
UTET,64ae713b3b943750bb9bae95,https://testbook.com/utet,https://cdn.testbook.com/resources/productionimages/Goal%20Icon%20Rectangle_All_1734939939.png
JSSC CGL,64b7e431a2e4a8f6a8833457,https://testbook.com/jssc-cgl,https://cdn.testbook.com/resources/productionimages/goal_images/64b7e431a2e4a8f6a8833457.png
SSC CPO (Tier 1 + Tier 2),64b7e7d2e9c019037f7f49f0,https://testbook.com/ssc-cpo,https://cdn.testbook.com/resources/productionimages/SSC%20CPO%20%281%29_All_1709723623.png
Jharkhand (JSSC) Teacher,64ba66db73fdeb505a3ac7c8,https://testbook.com/jharkhand-jssc-teacher,https://cdn.testbook.com/resources/productionimages/goal_images/64ba66db73fdeb505a3ac7c8.png
Jharkhand (JSSC) TGT,64ba6ac7474fab19f23d2251,https://testbook.com/jssc-tgt,https://cdn.testbook.com/resources/productionimages/goal_images/64ba6ac7474fab19f23d2251.png
Jharkhand (JSSC) PRT + TGT,64ba6f54bdc6faf16ca2326c,https://testbook.com/jssc-primary-teacher-and-tgt,https://cdn.testbook.com/resources/productionimages/goal_images/64ba6f54bdc6faf16ca2326c.png
IBPS PO,64bf74fb7e66fb2742a29685,https://testbook.com/ibps-po,https://cdn.testbook.com/resources/productionimages/62_All_1731315129.png
Nirnay IAS 3.0 - UPSC CSE,64bf98e8eb0e7f5016a14779,https://testbook.com/upsc-cse-nirnay-ias-3,https://cdn.testbook.com/resources/productionimages/goal_images/64bf98e8eb0e7f5016a14779.png
NIACL AO - Generalist,64c22300e6cbb60d9d63cb42,https://testbook.com/niacl-ao1,https://cdn.testbook.com/resources/productionimages/goal_images/64c22300e6cbb60d9d63cb42.png
JSSC Language Paper,64c3f0ef94563e8ed9b2125d,https://testbook.com/jssc-language-paper,https://cdn.testbook.com/resources/productionimages/JSSC-Language-Paper-1920x960px_All_1711956085.jpg
RSMSSB Agriculture Supervisor,64c53f22f1a671d67c7aba91,https://testbook.com/rsmssb-agriculture-supervisor,https://cdn.testbook.com/resources/productionimages/goal_images/64c53f22f1a671d67c7aba91.png
Essay Ethics and Mains Answer Writing,64c78a27b36621d405629c4b,https://testbook.com/upsc-cse-comprehensive-essay-ethics-mains-answer-writing,https://cdn.testbook.com/resources/productionimages/goal_images/64c78a27b36621d405629c4b.png
SSC Stenographer,64cba5e97ebc1ac84a6880c4,https://testbook.com/ssc-stenographer,https://cdn.testbook.com/resources/productionimages/goal_images/64cba5e97ebc1ac84a6880c4.png
SSC CGL,64d49bf5998ce874a09afbc7,https://testbook.com/ssc-cgl1,https://cdn.testbook.com/resources/productionimages/64d49bf5998ce874a09afbc7_All_1705340480.jpg
SSC Foundation with books,64d4bc1dac03bf62693123a7,https://testbook.com/ssc-foundation-super-coaching-1,https://cdn.testbook.com/resources/productionimages/goal_images/64d4bc1dac03bf62693123a7.png
EMRS Hostel Warden,64d4c0b7b31e8bdeb57d28e2,https://testbook.com/emrs-hostel-warden,https://cdn.testbook.com/resources/productionimages/goal_images/64d4c0b7b31e8bdeb57d28e2.png
Bihar STET,64d4ee79289bfed943244285,https://testbook.com/bihar-stet,https://cdn.testbook.com/resources/productionimages/goal_images/64d4ee79289bfed943244285.png
AAI Junior Executive -  Common Cadre,64da7f7168791122fea4a62e,https://testbook.com/aai-junior-executive,https://cdn.testbook.com/resources/productionimages/goal_images/64da7f7168791122fea4a62e.png
Nirnay IAS 4.0 - UPSC CSE,64dcac027f0774520aad3570,https://testbook.com/upsc-cse-nirnay-ias-4,https://cdn.testbook.com/resources/productionimages/goal_images/64dcac027f0774520aad3570.png
SBI Clerk,64df3c42efdbc3bf89af7473,https://testbook.com/sbi-clerk,https://cdn.testbook.com/resources/productionimages/59_All_1731315028.png
Maharashtra Saral Seva Bharti,64e4919c7dc8e4a369f3215d,https://testbook.com/maharashtra-saralseva-bharati,https://cdn.testbook.com/resources/productionimages/goal_images/64e4919c7dc8e4a369f3215d_oct2024_1.png
Bihar Super Pack,64e4a99235ac2f8ff99ac5fe,https://testbook.com/bihar-super-pack,https://cdn.testbook.com/resources/productionimages/goal_images/64e4a99235ac2f8ff99ac5fe_oct2024_1.png
UP Super Pack,64e4b94841f49c88fe7a98f7,https://testbook.com/up-super-pack,https://cdn.testbook.com/resources/productionimages/goal_images/64e4b94841f49c88fe7a98f7_oct2024_1.png
BSSC Inter Level,64e5ac381836c6b71f58f1c5,https://testbook.com/bssc-inter-level,https://cdn.testbook.com/resources/productionimages/goal_images/64e5ac381836c6b71f58f1c5_oct2024_1.png
UPSSSC Junior Assistant,64e5b0648b95f79c31439d2e,https://testbook.com/upsssc-junior-assistant,https://cdn.testbook.com/resources/productionimages/goal_images/64e5b0648b95f79c31439d2e_oct2024_1.png
SSC GD Marathi,64e769a5b05f3bc956bcbe7e,https://testbook.com/ssc-marathi,https://cdn.testbook.com/resources/productionimages/goal_images/64e769a5b05f3bc956bcbe7e_oct2024_1.png
RRB ALP Marathi (CBT 1),64eca18852044afff281bcee,https://testbook.com/railway-marathi,https://cdn.testbook.com/resources/productionimages/Railway-ALP-Marathi-1920x960px_All_1711956448.jpg
PGCIL Diploma Trainee,64f845f8db3bae157192ef23,https://testbook.com/pgcil-diploma-trainee,https:
SBI PO,64f88577d8e03449c60cf082,https://testbook.com/sbi-po,https://cdn.testbook.com/resources/productionimages/60_All_1731315082.png
Indian Coast Guard GD & DB,64fade25f79840dd3c939da4,https://testbook.com/indian-coast-guard-navik-db-gd,https://cdn.testbook.com/resources/productionimages/6616981279ee288ce86199e4_oct2024_1%20%282%29_All_1734937218.jpg
SSC GD Bengali,64fb1a8885eb5320adb9407a,https://testbook.com/ssc-bengali,https://cdn.testbook.com/resources/productionimages/goal_images/64fb1a8885eb5320adb9407a_oct2024_1.png
RRB ALP Bengali (CBT 1),64fb1f96c27243318697aa86,https://testbook.com/rrb-alp-bengali,https://cdn.testbook.com/resources/productionimages/goal_images/64fb1f96c27243318697aa86_oct2024_1.png
West Bengal Food SI,64fb2162a1730a455abae859,https://testbook.com/wbpsc-food-si,https://cdn.testbook.com/resources/productionimages/goal_images/64fb2162a1730a455abae859_oct2024_1.png
WB/Kolkata Police SI,64fb24d4fdee8148ee9a743b,https://testbook.com/west-bengal-and-kolkata-police-si,https://cdn.testbook.com/resources/productionimages/goal_images/64fb24d4fdee8148ee9a743b_oct2024_1.png
Maharashtra Arogya Vibhag Bharti,650039dbd03bf0a2f83fd506,https://testbook.com/maharashtra-arogya-vibhag-bharti,https://cdn.testbook.com/resources/productionimages/%E0%A4%AE%E0%A4%B9%E0%A4%BE%E0%A4%B0%E0%A4%BE%E0%A4%B7%E0%A5%8D%E0%A4%9F%E0%A5%8D%E0%A4%B0%20%E0%A4%86%E0%A4%B0%E0%A5%8B%E0%A4%97%E0%A5%8D%E0%A4%AF_All_1708676991.png
Bihar शिक्षक भर्ती (BPSC TRE 3.0),65080f6791edc62f99152601,https://testbook.com/bpsc-teacher-tre-old,https://cdn.testbook.com/resources/productionimages/goal_images/65080f6791edc62f99152601.png
MPSC Clerk Typist Mains,650848b7b82a05be9031b95f,https://testbook.com/mpsc-clerk-typist-mains,https:
70th BPSC,6516cf531a7d8bfd62c23252,https://testbook.com/70th-bpsc-recorded,https://cdn.testbook.com/resources/productionimages/goal_images/6516cf531a7d8bfd62c23252.png
UP TGT/PGT Theory + Practice Batch,651d6dba3fd59bb226c6c0d7,https://testbook.com/up-tgt-pgt,https://cdn.testbook.com/resources/productionimages/goal_images/651d6dba3fd59bb226c6c0d7_oct2024_1.png
MPSC Foundation,651fb3239b195526620380c7,https://testbook.com/mpsc-foundation,https://cdn.testbook.com/resources/productionimages/goal_images/651fb3239b195526620380c7.png
Nirnay IAS 2025 - SuperBatch 1 (Hinglish),65253c69ea30212199e900cc,https://testbook.com/upsc-cse-nirnay-2025-1,https://cdn.testbook.com/resources/productionimages/goal_images/65253c69ea30212199e900cc.png
WBPSC Clerkship,65253d0f931dd7ad2a2db842,https://testbook.com/wbpsc-clerkship,https://cdn.testbook.com/resources/productionimages/659e54a95a122e99228b1c1c_oct2024_1%20%284%29_All_1740132437.jpg
MBA,6527c10e094657fb099b42c3,https://testbook.com/two-year-pgdm,https:
UPSC + MBA,652842745f1bc087a003e1cd,https://testbook.com/upsc-cse-mba,https:
Bank PO Interview,652d1f413068d99745f0081b,https://testbook.com/bank-po-interview,
WBTET,652d3a1078f8d22381fb6845,https://testbook.com/wb-tet,
MAHA TET,652d418abd4ac8461db94df4,https://testbook.com/maha-tet,https:
NCERT Foundation for UPSC,6540a205a09cb0e3afb50dd2,https://testbook.com/ncert-foundation-for-upsc,https:
E-Books,6542422d477ab4a0aee08d3b,https://testbook.com/ssc-cgl-ebooks,
AAI ATC E-Books,65489d35df105ed5f4e394b6,https://testbook.com/aai-atc-ebook-1,
AAI Junior Executive -  Common Cadre E-Books,65489d35df105ed5f4e394b9,https://testbook.com/aai-junior-executive-ebook-1,
AE & JE - Civil E-Books,65489d35df105ed5f4e394bc,https://testbook.com/ae-je-civil-ebook-1,
AE & JE - Electrical E-Books,65489d35df105ed5f4e394bf,https://testbook.com/ae-je-electrical-ebook-1,
AE & JE - Mechanical E-Books,65489d35df105ed5f4e394c2,https://testbook.com/ae-je-mechanical-ebook-1,
AFCAT E-Books,65489d35df105ed5f4e394c5,https://testbook.com/afcat-ebook-1,
Agniveer Army E-Books,65489d35df105ed5f4e394c8,https://testbook.com/agniveer-army-ebook-1,
Agniveer Vayu E-Books,65489d35df105ed5f4e394cb,https://testbook.com/agniveer-vayu-ebook-1,
BARC Stipendiary Trainee Cat - I E-Books,65489d35df105ed5f4e394ce,https://testbook.com/barc-stipendiary-trainee-cat-i-ebook-1,
BARC Stipendiary Trainee Cat - II E-Books,65489d35df105ed5f4e394d1,https://testbook.com/barc-stipendiary-trainee-cat-ii-ebook-1,
BSF Tradesman E-Books,65489d35df105ed5f4e394d4,https://testbook.com/bsf-tradesman-ebook-1,
BSSC Inter Level E-Books,65489d35df105ed5f4e394d7,https://testbook.com/bssc-inter-level-ebook-1,
BTSC JE E-Books,65489d35df105ed5f4e394da,https://testbook.com/btsc-je-ebook-1,
Bank Super Pack E-Books,65489d35df105ed5f4e394dd,https://testbook.com/bank-exams-ebook-1,
Bihar Civil Court E-Books,65489d35df105ed5f4e394e0,https://testbook.com/bihar-civil-court-ebook-1,
Bihar Daroga E-Books,65489d35df105ed5f4e394e3,https://testbook.com/bihar-police-ebook-1,
Bihar LRC Clerk E-Books,65489d35df105ed5f4e394e6,https://testbook.com/bihar-lrc-clerk-ebook-1,
Bihar Police Constable E-Books,65489d35df105ed5f4e394e9,https://testbook.com/bihar-police-constable-ebook-1,
Bihar Police Prohibition Constable (मद्य निषेध सिपाही) E-Books,65489d35df105ed5f4e394ec,https://testbook.com/csbc-bihar-police-prohibition-constable-ebook-1,
Bihar Super Pack E-Books,65489d35df105ed5f4e394ef,https://testbook.com/bihar-super-pack-ebook-1,
Bihar शिक्षक भर्ती (BPSC TRE 3.0) E-Books,65489d35df105ed5f4e394f2,https://testbook.com/bihar-teacher-ebook-1,
CDS E-Books,65489d35df105ed5f4e394f5,https://testbook.com/cds-ebook-1,
CDS+CAPF+AFCAT E-Books,65489d35df105ed5f4e394f8,https://testbook.com/cds-capf-afcat-ebook-1,
CG Vyapam Teacher E-Books,65489d35df105ed5f4e394fb,https://testbook.com/cg-vyapam-teacher-ebook-1,
CISF Head Constable E-Books,65489d35df105ed5f4e394fe,https://testbook.com/cisf-head-constable-ebook-1,
CRPF Constable Tradesman E-Books,65489d35df105ed5f4e39501,https://testbook.com/crpf-constable-ebook-1,
CRPF Head Constable & ASI Steno E-Books,65489d35df105ed5f4e39504,https://testbook.com/crpf-head-constable-and-asi-steno-ebook-1,
CSIR NET E-Books,65489d35df105ed5f4e39507,https://testbook.com/csir-net-ebook-1,
CTET E-Books,65489d35df105ed5f4e3950a,https://testbook.com/ctet-ebook-1,
CTET & State TET E-Books,65489d35df105ed5f4e3950d,https://testbook.com/ctet-state-tet-ebook-1,
DDA JE Civil E-Books,65489d35df105ed5f4e39510,https://testbook.com/dda-je-civil-ebook-1,
DFCCIL Executive E-Books,65489d35df105ed5f4e39513,https://testbook.com/dfccil-executive-ebook-1,
DFCCIL Junior Executive E-Books,65489d35df105ed5f4e39516,https://testbook.com/dfccil-junior-executive-ebook-1,
DFCCIL Operations & BD E-Books,65489d35df105ed5f4e39519,https://testbook.com/dfccil-operations-bd-ebook-1,
DSSSB E-Books,65489d35df105ed5f4e3951c,https://testbook.com/dsssb-ebook-1,
Delhi Police Constable E-Books,65489d35df105ed5f4e3951f,https://testbook.com/delhi-police-constable-ebook-1,
EMRS Accountant E-Books,65489d35df105ed5f4e39522,https://testbook.com/emrs-accountant-ebook-1,
EMRS Hostel Warden E-Books,65489d35df105ed5f4e39525,https://testbook.com/emrs-hostel-warden-ebook-1,
EMRS Junior Secretariat Assistant E-Books,65489d35df105ed5f4e39528,https://testbook.com/emrs-junior-secretariat-assistant-ebook-1,
EMRS TGT/PGT E-Books,65489d35df105ed5f4e3952b,https://testbook.com/emrs-ebook-1,
Electrical Machines for GATE EE E-Books,65489d35df105ed5f4e3952e,https://testbook.com/electrical-machines-for-gate-ee-ebook-1,
Electronic Devices for GATE ECE E-Books,65489d35df105ed5f4e39531,https://testbook.com/electronic-devices-for-gate-ece-ebook-1,
Fluid Mechanics for GATE ME E-Books,65489d35df105ed5f4e39534,https://testbook.com/fluid-mechanics-for-gate-me-ebook-1,
GATE CSE E-Books,65489d35df105ed5f4e39537,https://testbook.com/gate-cse-ebook-1,
GATE Civil E-Books,65489d35df105ed5f4e3953a,https://testbook.com/gate-civil-ebook-1,
GATE ECE E-Books,65489d35df105ed5f4e3953d,https://testbook.com/gate-ece-ebook-1,
GATE Electrical E-Books,65489d35df105ed5f4e39540,https://testbook.com/gate-electrical-ebook-1,
GATE Mechanical E-Books,65489d35df105ed5f4e39543,https://testbook.com/gate-mechanical-ebook-1,
Geotechnical Engineering for GATE CE E-Books,65489d35df105ed5f4e39546,https://testbook.com/geotechnical-engineering-for-gate-ce-ebook-1,
Haryana CET Group C Mains E-Books,65489d35df105ed5f4e39549,https://testbook.com/haryana-cet-group-c-mains-ebook-1,
Haryana CET Group D E-Books,65489d35df105ed5f4e3954c,https://testbook.com/haryana-cet-group-d-ebook-1,
IB Security Assistant & MTS E-Books,65489d35df105ed5f4e3954f,https://testbook.com/ib-security-assistant-ebook-1,
IBPS Clerk E-Books,65489d35df105ed5f4e39552,https://testbook.com/ibps-clerk-ebook-1,
IBPS PO E-Books,65489d35df105ed5f4e39555,https://testbook.com/ibps-po-ebook-1,
IBPS RRB Clerk E-Books,65489d35df105ed5f4e39558,https://testbook.com/rrb-office-assistant-ebook-1,
IBPS RRB PO E-Books,65489d35df105ed5f4e3955b,https://testbook.com/ibps-rrb-po-ebook-1,
ISRO Technician B E-Books,65489d35df105ed5f4e3955e,https://testbook.com/isro-technician-b-ebook-1,
ITI Electrician & Electronics E-Books,65489d35df105ed5f4e39561,https://testbook.com/iti-electrician-and-electronics-ebook-1,
ITI Fitter E-Books,65489d35df105ed5f4e39564,https://testbook.com/iti-fitter-ebook-1,
Indian Coast Guard GD & DB E-Books,65489d35df105ed5f4e39567,https://testbook.com/indian-coast-guard-navik-db-gd-ebook-1,
JSSC CGL E-Books,65489d35df105ed5f4e3956a,https://testbook.com/jssc-cgl-ebook-1,
JSSC JE E-Books,65489d35df105ed5f4e3956d,https://testbook.com/jssc-je-ebook-1,
JSSC Language Paper E-Books,65489d35df105ed5f4e39570,https://testbook.com/jssc-language-paper-ebook-1,
Jharkhand (JSSC) PRT E-Books,65489d35df105ed5f4e39573,https://testbook.com/jssc-primary-teacher-ebook-1,
Jharkhand (JSSC) PRT + TGT E-Books,65489d35df105ed5f4e39576,https://testbook.com/jssc-primary-teacher-and-tgt-ebook-1,
Jharkhand (JSSC) TGT E-Books,65489d35df105ed5f4e39579,https://testbook.com/jssc-tgt-ebook-1,
KVS E-Books,65489d35df105ed5f4e3957c,https://testbook.com/kvs-ebook-1,
KVS Interview E-Books,65489d35df105ed5f4e3957f,https://testbook.com/kvs-interview-ebook-1,
KVS Librarian E-Books,65489d35df105ed5f4e39582,https://testbook.com/kvs-librarian-ebook-1,
Kolkata Police Constable Mains E-Books,65489d35df105ed5f4e39585,https://testbook.com/kolkata-police-constable-mains-ebook-1,
LIC Assistant E-Books,65489d35df105ed5f4e39588,https://testbook.com/lic-assistant-ebook-1,
MP Patwari E-Books,65489d35df105ed5f4e3958b,https://testbook.com/mp-patwari-ebook-1,
MP Police Constable E-Books,65489d35df105ed5f4e3958e,https://testbook.com/mp-police-constable-ebook-1,
MP Police SI E-Books,65489d35df105ed5f4e39591,https://testbook.com/mp-police-si-ebook-1,
MP RAEO E-Books,65489d35df105ed5f4e39594,https://testbook.com/mp-raeo-ebook-1,
MP Vyapam Group 4 E-Books,65489d35df105ed5f4e39597,https://testbook.com/mp-vyapam-group-4-ebook-1,
"MP वन रक्षक, क्षेत्र रक्षक और जेल प्रहरी E-Books",65489d35df105ed5f4e3959a,https://testbook.com/mp-forest-guard-field-guard-jail-prahari-ebook-1,
MPSC Combined Group B & C E-Books,65489d35df105ed5f4e3959d,https://testbook.com/mpsc-combined-group-b-and-c-pre-ebook-1,
MPSC Foundation E-Books,65489d35df105ed5f4e395a0,https://testbook.com/mpsc-pre-ebook-1,
MPTET शिक्षक भर्ती वर्ग 1 (पात्रता परीक्षा) E-Books,65489d35df105ed5f4e395a3,https://testbook.com/mptet-varg-1-ebook-1,
MPTET शिक्षक भर्ती वर्ग 2 (पात्रता परीक्षा) E-Books,65489d35df105ed5f4e395a6,https://testbook.com/mptet-varg-2-ebook-1,
MPTET शिक्षक भर्ती वर्ग 3 E-Books,65489d35df105ed5f4e395a9,https://testbook.com/mptet-varg-3-ebook-1,
Maharashtra Arogya Vibhag Bharti E-Books,65489d35df105ed5f4e395ac,https://testbook.com/maharashtra-arogya-vibhag-bharti-ebook-1,
Maharashtra Police Bharti E-Books,65489d35df105ed5f4e395af,https://testbook.com/maharashtra-police-ebook-1,
Maharashtra Super Pack E-Books,65489d36df105ed5f4e395b2,https://testbook.com/maha-super-pack-2023-ebook-1,
Maharashtra Talathi E-Books,65489d36df105ed5f4e395b5,https://testbook.com/maharashtra-talathi-ebook-1,
Maharashtra Zilla Parishad Bharti E-Books,65489d36df105ed5f4e395b8,https://testbook.com/maharashtra-zilla-parishad-ebook-1,
NCERT Foundation for UPSC E-Books,65489d36df105ed5f4e395bb,https://testbook.com/ncert-foundation-for-upsc-ebook-1,
NIACL AO - Generalist E-Books,65489d36df105ed5f4e395be,https://testbook.com/niacl-ao-ebook-1,
NIC NIELIT Scientist & Scientific Officer/Assistant E-Books,65489d36df105ed5f4e395c1,https://testbook.com/nic-nielit-scientist-and-scientific-officer-assistant-ebook-1,
NVS E-Books,65489d36df105ed5f4e395c4,https://testbook.com/nvs-ebook-1,
Nirnay IAS 2025 - SuperBatch 1 (Hinglish) E-Books,65489d36df105ed5f4e395c7,https://testbook.com/upsc-cse-nirnay-2025-1-ebook-1,
Odisha Police Constable E-Books,65489d36df105ed5f4e395ca,https://testbook.com/odisha-police-constable-ebook-1,
PGCIL Diploma Trainee E-Books,65489d36df105ed5f4e395cd,https://testbook.com/pgcil-diploma-trainee-ebook-1,
"PRT, TGT & PGT E-Books",65489d36df105ed5f4e395d0,https://testbook.com/teaching-exam-prt-tgt-pgt-ebook-1,
Patna High Court Assistant E-Books,65489d36df105ed5f4e395d3,https://testbook.com/patna-high-court-assistant-ebook-1,
Punjab Patwari E-Books,65489d36df105ed5f4e395d6,https://testbook.com/punjab-patwari-ebook-1,https:
Punjab Police Constable E-Books,65489d36df105ed5f4e395d9,https://testbook.com/punjab-police-constable-ebook-1,
RBI Assistant E-Books,65489d36df105ed5f4e395dc,https://testbook.com/rbi-assistant-ebook-1,
RPF Constable E-Books,65489d36df105ed5f4e395df,https://testbook.com/rpf-constable-ebook-1,
RPSC Assistant Prof. Political Science Subject E-Books,65489d36df105ed5f4e395e2,https://testbook.com/rpsc-assistant-professor-political-science-ebook-1,
RRB ALP/Tech E-Books,65489d36df105ed5f4e395e5,https://testbook.com/rrb-alp-technician-ebook-1,https:
RSMSSB Agriculture Supervisor E-Books,65489d36df105ed5f4e395e8,https://testbook.com/rsmssb-agriculture-supervisor-ebook-1,
Railway E-Books,65489d36df105ed5f4e395eb,https://testbook.com/railway-ebook-1,
RRB ALP/Technician Bengali (CBT 1) E-Books,65489d36df105ed5f4e395ee,https://testbook.com/railway-bengali-ebook-1,https:
Railways Marathi E-Books,65489d36df105ed5f4e395f1,https://testbook.com/railway-marathi-ebook-1,
Rajasthan 3rd Grade Teacher E-Books,65489d36df105ed5f4e395f4,https://testbook.com/rajasthan-3rd-grade-teacher-ebook-1,
Rajasthan CET Senior Secondary E-Books,65489d36df105ed5f4e395f7,https://testbook.com/rajasthan-cet-for-senior-secondary-ebook-1,
Rajasthan Informatics Assistant E-Books,65489d36df105ed5f4e395fa,https://testbook.com/rajasthan-informatics-assistant-ebook-1,
SBI Clerk E-Books,65489d36df105ed5f4e395fd,https://testbook.com/sbi-clerk-ebook-1,
SBI PO E-Books,65489d36df105ed5f4e39600,https://testbook.com/sbi-po-ebook-1,
SSC CGL E-Books,65489d36df105ed5f4e39603,https://testbook.com/ssc-cgl-ebook-1,
SSC CGL Tier 2 E-Books,65489d36df105ed5f4e39606,https://testbook.com/ssc-cgl-tier-2-ebook-1,
SSC CHSL E-Books,65489d36df105ed5f4e39609,https://testbook.com/ssc-chsl-ebook-1,
SSC CPO E-Books,65489d36df105ed5f4e3960c,https://testbook.com/ssc-cpo-ebook-1,
SSC GD E-Books,65489d36df105ed5f4e3960f,https://testbook.com/ssc-gd-ebook-1,
SSC GD Bengali E-Books,65489d36df105ed5f4e39612,https://testbook.com/ssc-bengali-ebook-1,
SSC GD Marathi E-Books,65489d36df105ed5f4e39615,https://testbook.com/ssc-marathi-ebook-1,
SSC JE Civil E-Books,65489d36df105ed5f4e39618,https://testbook.com/ssc-je-civil-ebook-1,
SSC JE Electrical E-Books,65489d36df105ed5f4e3961b,https://testbook.com/ssc-je-electrical-ebook-1,
SSC JE Mechanical E-Books,65489d36df105ed5f4e3961e,https://testbook.com/ssc-je-mechanical-ebook-1,
SSC MTS E-Books,65489d36df105ed5f4e39621,https://testbook.com/ssc-mts-ebook-1,
SSC Stenographer E-Books,65489d36df105ed5f4e39624,https://testbook.com/ssc-stenographer-ebook-1,
SSC Super Pack E-Books,65489d36df105ed5f4e39627,https://testbook.com/ssc-ebook-1,
70th BPSC E-Books,65489d36df105ed5f4e3962a,https://testbook.com/bpsc-ebook-1,
Super TET E-Books,65489d36df105ed5f4e3962d,https://testbook.com/super-tet-ebook-1,
TSPSC Group 2 E-Books,65489d36df105ed5f4e39630,https://testbook.com/tspsc-group-2-ebook-1,
TSPSC Group 3 E-Books,65489d36df105ed5f4e39633,https://testbook.com/tspsc-group-3-ebook-1,
TSPSC Group 4 E-Books,65489d36df105ed5f4e39636,https://testbook.com/tspsc-group-4-ebook-1,
UGC NET/SET Batch 1.0 E-Books,65489d36df105ed5f4e39639,https://testbook.com/ugc-net-batch-1-ebook-1,https:
UP Police Computer Operator E-Books,65489d36df105ed5f4e3963c,https://testbook.com/up-police-computer-operator-ebook-1,
UP Police Constable E-Books,65489d36df105ed5f4e3963f,https://testbook.com/up-police-constable-ebook-1,
UP Police SI E-Books,65489d36df105ed5f4e39642,https://testbook.com/up-police-si-ebook-1,
UP SI + Constable E-Books,65489d36df105ed5f4e39645,https://testbook.com/up-police-ebook-1,
UP Super Pack E-Books,65489d36df105ed5f4e39648,https://testbook.com/up-super-pack-ebook-1,
UPPSC E-Books,65489d36df105ed5f4e3964b,https://testbook.com/uppsc-ebook-1,
UPPSC RO ARO E-Books,65489d36df105ed5f4e3964e,https://testbook.com/uppsc-ro-aro-ebook-1,
UPSC + MBA E-Books,65489d36df105ed5f4e39651,https://testbook.com/upsc-cse-mba-ebook-1,
UPSC CAPF AC E-Books,65489d36df105ed5f4e39654,https://testbook.com/upsc-capf-ac-ebook-1,
UPSC CSE (Hindi) E-Books,65489d36df105ed5f4e39657,https://testbook.com/upsc-cse-hindi-ebook-2025,https:
UPSSSC Junior Assistant E-Books,65489d36df105ed5f4e3965a,https://testbook.com/upsssc-junior-assistant-ebook-1,
UPSSSC PET E-Books,65489d36df105ed5f4e3965d,https://testbook.com/upsssc-pet-ebook-1,
UPSSSC VDO E-Books,65489d36df105ed5f4e39660,https://testbook.com/upsssc-gram-vikas-adhikari-ebook-1,
UPTET E-Books,65489d36df105ed5f4e39663,https://testbook.com/uptet-ebook-1,
UPTET + Super TET E-Books,65489d36df105ed5f4e39666,https://testbook.com/uptet-supertet-ebook-1,
UTET E-Books,65489d36df105ed5f4e39669,https://testbook.com/utet-ebook-1,
WB/Kolkata Police SI E-Books,65489d36df105ed5f4e3966c,https://testbook.com/kolkata-police-si-ebook-1,
WBPSC Clerkship E-Books,65489d36df105ed5f4e3966f,https://testbook.com/wbpsc-clerkship-ebook-1,
West Bengal Food SI E-Books,65489d36df105ed5f4e39672,https://testbook.com/wbpsc-food-si-ebook-1,
JSSC Clerk,6549e5e1020017f407950c01,https://testbook.com/jssc-clerk,https://cdn.testbook.com/resources/productionimages/6616981279ee288ce86199e4_oct2024_1_All_1734776238.png
जलसंपदा विभाग भरती (WRD),654a425a6809f2ec3ff87447,https://testbook.com/wrd-maharashtra,https://cdn.testbook.com/resources/productionimages/%E0%A4%9C%E0%A4%B2%E0%A4%B8%E0%A4%82%E0%A4%AA%E0%A4%A6%E0%A4%BE%20%E0%A4%B5%E0%A4%BF%E0%A4%AD%E0%A4%BE%E0%A4%97%20%E0%A4%AD%E0%A4%B0%E0%A4%A4%E0%A5%80%20%28WRD%29_All_1708677182.png
Essay Ethics and Mains Answer Writing E-Books,654cae416bda7cfcd5798801,https://testbook.com/upsc-cse-comprehensive-essay-ethics-mains-answer-writing-ebook-1,
UP TGT/PGT E-Books,654cae416bda7cfcd5798804,https://testbook.com/up-tgt-pgt-ebook-1,
Delhi Judiciary,654e09cd29a27f0609e62ad4,https://testbook.com/delhi-judiciary,
Maharashtra Excise Constable,655630be648f6ebd2bc73da5,https://testbook.com/maharashtra-excise-constable,https:
GATE & CSIR NET/SET Life Science,655712289345d8e7312ce732,https://testbook.com/gate-csir-net-lifescience,https://cdn.testbook.com/resources/productionimages/Life_All_1734707921.png
GATE & CSIR NET/SET Chemical Sciences,655716962b9d54ae8817d287,https://testbook.com/gate-csir-net-chemicalscience,https://cdn.testbook.com/resources/productionimages/Chem_All_1734707768.png
DSSSB Special Educator,65574e7c2b9d54ae881f9f68,https://testbook.com/dsssb-special-educator,https://cdn.testbook.com/resources/productionimages/DSSSB%20Special%20Educator_All_1708513630.png
JSSC Clerk E-Books,65576b3a201c97bbaf97fdb2,https://testbook.com/jssc-clerk-ebook-1,
जलसंपदा विभाग भरती (WRD) E-Books,65576b68201c97bbaf97fdb5,https://testbook.com/wrd-maharashtra-ebook-1,
Nirnay IAS 2025 - SuperBatch 1 (English),655c8c89dcad60ea753a6b9f,https://testbook.com/upsc-cse-english-batch-1,https://cdn.testbook.com/resources/productionimages/goal_images/655c8c89dcad60ea753a6b9f.png
IB ACIO,655c9c2a898ff3047f1d7c52,https://testbook.com/ib-old,https://cdn.testbook.com/resources/productionimages/goal_images/655c9c2a898ff3047f1d7c52.png
DSSSB Warder/Matron,655de03ee6afae78e38dede7,https://testbook.com/dsssb-warder-matron,https:
SSC Foundation 2024,655e010d60562abf43da15b0,https://testbook.com/ssc-foundation,https:
SSC Maths Foundation,655ef277d0b84539cc20fda8,https://testbook.com/ssc-maths-foundation,
IDBI Junior Assistant Manager,655f284b4e0e5a626b5df01f,https://testbook.com/idbi-junior-assistant-manager,https:
IB ACIO E-Books,655f2f535e50a212730e77e0,https://testbook.com/ib-acio-ebook-1,
DSSSB Warder/Matron E-Books,655f2f9ff64b11037bee2faf,https://testbook.com/dsssb-warder-matron-ebook-1,
DSSSB Special Educator E-Books,655f2fafcbeb648ebeab4d86,https://testbook.com/dsssb-special-educator-ebook-1,
Maharashtra Excise Constable E-Books,655f2fc06e7b3c0ef24e34d7,https://testbook.com/maharashtra-excise-constable-ebook-1,
GATE & CSIR NET Chemical Sciences E-Books,655f2fd08761291a362729f1,https://testbook.com/gate-csir-net-chemicalscience-ebook-1,
Nirnay IAS 2025 - SuperBatch 1 (English) E-Books,655f31caca232cfeef20daf3,https://testbook.com/upsc-cse-english-batch-1-ebook-1,https:
SSC Foundation 2024 E-Books,655f31e05e50a212730ece10,https://testbook.com/ssc-foundation-ebook-1,
GATE & CSIR NET Life Science E-Books,655f46fca91dc0233ea9d2b7,https://testbook.com/gate-csir-net-lifescience-ebook-1,
MP Judiciary,65602947b14d573079293818,https://testbook.com/mp-judiciary,https:
UPSC Prelims 2024 - Superbatch,6560596e7eade3c09a67b4be,https://testbook.com/upsc-prelims-batch-1,https://cdn.testbook.com/resources/productionimages/goal_images/6560596e7eade3c09a67b4be.png
Maharashtra Adivasi Vikas Vibhag Bharti,65609cf047d37b65ddd5c2f2,https://testbook.com/maharashtra-adivasi-vikas-vibhag-bharti,https://cdn.testbook.com/resources/productionimages/goal_images/65609cf047d37b65ddd5c2f2_oct2024_1.png
Judiciary Foundation Batch,6565ba9af3fe421ca375d7c8,https://testbook.com/judiciary-foundation-batch-1,https://cdn.testbook.com/resources/productionimages/goal_images/6565ba9af3fe421ca375d7c8.png
CTET - SCERT,65672a8e32f97b110f4d85aa,https://testbook.com/ctet-scert,https:
JSSC Excise Constable,65673972b466b9e2f8045cfa,https://testbook.com/jssc-excise-constable,https://cdn.testbook.com/resources/productionimages/JSSC%20EXCISE%20CONSTABLE_All_1708675806.png
CSIR NET Mock Test,6569c6f89ffc41ca2bff770a,https://testbook.com/csir-net-mock-test,https:
UGC NET Mock Test,6569e1aabfb1943afde5933e,https://testbook.com/ugc-net-mock-test,https:
BSSTET Special Educator,656da773ccffc5856b9b543a,https://testbook.com/bsstet-special-educator,https://cdn.testbook.com/resources/productionimages/BSSTET%20Special%20Educator%20%281%29_All_1708282534.png
English Foundation By Ananya Ma'am,656dbf0b0295cbbcd4325f4d,https://testbook.com/ssc-english-foundation,https://cdn.testbook.com/resources/productionimages/1920X966%20%287%29_All_1725384809.png
Rajasthan Police Constable,656f247bd3d31a5256b0abd2,https://testbook.com/rajasthan-police-constable,https://cdn.testbook.com/resources/productionimages/659e54a95a122e99228b1c1c_oct2024_1%20%2815%29_All_1739178935.jpg
Rajasthan Patwari,656f28ab3b733efce9fb01cc,https://testbook.com/rajasthan-patwari,https://cdn.testbook.com/resources/productionimages/RAJASTHAN%20%20PATWARI_All_1708675522.png
BSSTET Special Educator E-Books,65717a5ef1ffc001f555a9ab,https://testbook.com/bsstet-special-educator-ebook-1,
CTET - SCERT E-Books,65717a7036439d2a06d32a73,https://testbook.com/ctet-scert-ebook-1,
English Foundation By Ananya Ma'am E-Books,65717a80ee74bd2d66311af9,https://testbook.com/ssc-english-foundation-ebook-1,
IDBI Junior Assistant Manager & Executive E-Books,65717a8ff42824baa2600307,https://testbook.com/idbi-junior-assistant-manager-and-executive-ebook-1,
JSSC Excise Constable E-Books,65717aa11921bfa9c37b67e6,https://testbook.com/jssc-excise-constable-ebook-1,
Judiciary Foundation Batch E-Books,65717aaf1921bfa9c37b6956,https://testbook.com/judiciary-foundation-ebook-1,
MP Judiciary E-Books,65717abf3adeeedbe7301bb0,https://testbook.com/mp-judiciary-ebook-1,
Maharashtra Adivasi Vikas Vibhag Bharti E-Books,65717acef1ffc001f555bffd,https://testbook.com/maharashtra-adivasi-vikas-vibhag-bharti-ebook-1,
UPSC Prelims 2024 - Superbatch E-Books,65717adef1ffc001f555c29b,https://testbook.com/upsc-prelims-batch-1-ebook-1,https:
Bihar STET E-Books,65718c4e54901e1a416ee18c,https://testbook.com/bihar-stet-ebook-1,
Jilha Nyayalaya Bharti,65719e870efb4390e2b374a1,https://testbook.com/jilha-nyayalaya-bharti,https://cdn.testbook.com/resources/productionimages/goal_images/65719e870efb4390e2b374a1.png
MPSC Foundation 2024,6572d43fc8af93e6af90c5bc,https://testbook.com/mpsc-2024,https://cdn.testbook.com/resources/productionimages/goal_images/6572d43fc8af93e6af90c5bc.png
MPSC Combined Group B & C 2024,65731e3946e62eef3ac18c34,https://testbook.com/mpsc-combined-group-b-and-c-2,https:
UPSSSC Stenographer,65732fc7f686823b57d4c81e,https://testbook.com/upsssc-stenographer,https:
CSIR SO & ASO,657448bb1430c05fc92d0839,https://testbook.com/csir-so-aso,https://cdn.testbook.com/resources/productionimages/goal_images/657448bb1430c05fc92d0839.png
UP Police Radio Operator,6576f00f27ffac57b6348002,https://testbook.com/up-police-radio-cadre,https://cdn.testbook.com/resources/productionimages/goal_images/6576f00f27ffac57b6348002_oct2024_1.png
Rajasthan Patwari E-Books,657c2f90760f68ceefa0319c,https://testbook.com/rajasthan-patwari-ebook-1,
MP Civil Judge Test Series,65800e1fbe28277c0d7b9eb3,https://testbook.com/mp-judiciary-mock-test,https:
Nirnay IAS 2025 - SuperBatch 2 (Hinglish),658174d6650425c29e436dce,https://testbook.com/upsc-cse-nirnay-2025-2,https://cdn.testbook.com/resources/productionimages/goal_images/658174d6650425c29e436dce.png
BIHAR शिक्षक MAHAPACK (BSTET+ BPSC TRE सभी वर्ग),6581a27b0f7bf2aaa4922594,https://testbook.com/bihar-stet-bihar-teacher,https://cdn.testbook.com/resources/productionimages/goal_images/6581a27b0f7bf2aaa4922594_oct2024_1.png
Jharkhand Police Constable,65842ac286d5a28cfa978d4f,https://testbook.com/jharkhand-police-constable,https://cdn.testbook.com/resources/productionimages/JHARKHAND%20POLICE%20CONSTABLE_All_1708675866.png
DSSSB Nursery Teacher,6587eaf626d7b5a3ae87ba04,https://testbook.com/dsssb-nursery-teacher,https://cdn.testbook.com/resources/productionimages/goal_images/6587eaf626d7b5a3ae87ba04_oct2024_1.png
Nirnay IAS 2025 -  SuperBatch 2 (Hinglish) E-Books,658a6028fe38774416a6526a,https://testbook.com/upsc-cse-batch-2-hinglish-ebook-1,https:
DSSSB LDC & Junior Assistant & Stenographer,658c058dc11bf80c672efc3e,https://testbook.com/dsssb-junior-assistant,https:
NICL AO Generalist,6593d2f0c0c679c6642cdacb,https://testbook.com/nicl-ao-generalist,https:
Haryana Judiciary,65941716d59281c91ac851fb,https://testbook.com/haryana-judiciary,https://cdn.testbook.com/resources/productionimages/goal_images/65941716d59281c91ac851fb_oct2024_1.png
SSC Selection Post E-Books,65951026edb673dfd2815ec1,https://testbook.com/ssc-selection-post-ebook-1,
MPSC Foundation 2024 E-Books,65951355cacf66a63e30dd12,https://testbook.com/mpsc-ebook-1,
Central Bank Of India Sub Staff,659514c95f3a0b85b1c03582,https://testbook.com/central-bank-of-india-sub-staff,https:
Jilha Nyayalaya Bharti E-Books,65952d4a8d8ee87656d7de6b,https://testbook.com/jilha-nyayalaya-bharti-ebook-1,
MPSC Combined Group B & C 2024 E-Books,65952da28d8ee87656d7f8bf,https://testbook.com/mpsc-combined-group-b-and-c-ebook-1,
CSIR SO & ASO E-Books,65952dcd4f338219bc4a2f65,https://testbook.com/csir-so-aso-ebook-1,
UP Police Radio Operator E-Books,65952defc4d8be6d96b6f102,https://testbook.com/up-police-radio-cadre-ebook-1,
Jharkhand Police Constable E-Books,65952e13378c336d18c8a953,https://testbook.com/jharkhand-police-constable-ebook-1,
DSSSB Nursery Teacher E-Books,65952e2d8d8ee87656d81a6b,https://testbook.com/dsssb-nursery-teacher-ebook-1,
DSSSB LDC & Junior Assistant & Stenographer E-Books,65952e761ac3826c6d0ab109,https://testbook.com/dsssb-junior-assistant-ebook-1,https:
NICL AO Generalist E-Books,65952f7a1ac3826c6d0ae9c6,https://testbook.com/nicl-ao-generalist-ebook-1,
Rajasthan Police Constable E-Books,659540d09a75451c0210838f,https://testbook.com/rajasthan-police-constable-ebook-1,https:
Central Bank Of India Sub Staff E-Books,659669b4c2f7350c8801d3b8,https://testbook.com/central-bank-of-india-sub-staff-ebook-1,
BSTET + बिहार शिक्षक भर्ती (TRE 3.0) E-Books,659669c8c2f7350c8801d853,https://testbook.com/bihar-stet-bihar-teacher-ebook-1,
Maharashtra Karagruh Vibhag Bharti,659680c88239c96d518da074,https://testbook.com/maharashtra-karagruh-vibhag-bharti,https://cdn.testbook.com/resources/productionimages/Maharashtra%20Karagruh%20Vibhag%20Bharti_All_1708583797.png
Maharashtra Karagruh Vibhag Bharti E-Books,659b92731ae7108910288de6,https://testbook.com/maharashtra-karagruh-vibhag-bharti-ebook-1,
UIIC AO,659bd0ecc16f89a55bbcc6af,https://testbook.com/uiic-ao,https://cdn.testbook.com/resources/productionimages/1920X966%20%282%29_All_1729775354.png
Haryana Civil Judge Test Series,659be2d1d7bd28eb11873cf5,https://testbook.com/haryana-judicial-services-mock-test,https://cdn.testbook.com/resources/productionimages/HARYANA%20CIVIL%20JUDGE_All_1708753943.png
Bihar Vidhan Sabha Sachivalaya Bharti,659d47599f5e26d9794e375f,https://testbook.com/bihar-vidhan-sabha-sachivalaya-bharti,https://cdn.testbook.com/resources/productionimages/goal_images/659d47599f5e26d9794e375f_oct2024_1.png
यशोदय MPSC Rajyseva 2025,659e54a95a122e99228b1c1c,https://testbook.com/mpsc,https://cdn.testbook.com/resources/productionimages/659e54a95a122e99228b1c1c_oct2024_1%20%285%29_All_1736595619.jpg
MPSC Prelims 2024,659e8f26d5b724bd3cb03c7f,https://testbook.com/mpsc-prelims,https://cdn.testbook.com/resources/productionimages/goal_images/659e8f26d5b724bd3cb03c7f_oct2024_1.png
MPSC Combined B & C Revision,659ea32a12a0810dae0b70f1,https://testbook.com/mpsc-combined-b-and-c-revision,https:
Nirnay IAS - 3 DAYS FREE ACCESS,659fe24f19e7613fa4858458,https://testbook.com/nirnay-ias-prep,https://cdn.testbook.com/resources/productionimages/01_All_1710828255.png
Haryana Judiciary E-Books,659fec997ed36df59ce53304,https://testbook.com/haryana-judiciary-ebook-1,
NCL Assistant Foreman,65a3a49216bb0d379a28302e,https://testbook.com/ncl-assistant-foreman,https://cdn.testbook.com/resources/productionimages/NCL%20Assistant%20%282%29_All_1708676511.png
DSSSB Personal Assistant & Junior Judicial Assistant,65a50a0a62b0efa6b8d982e8,https://testbook.com/dsssb-personal-assistant-junior-judicial-assistant,https://cdn.testbook.com/resources/productionimages/DSSSB%20Personal%20Assistant%20&%20Junior%20Judicial%20Assistan_All_1708597827.png
UPSC Prelims 2024 - Superbatch 2,65a50f0368c4097489cc5133,https://testbook.com/upsc-prelims-2024,https://cdn.testbook.com/resources/productionimages/goal_images/6560596e7eade3c09a67b4be.png
Nirnay IAS 2025 - Elite Batch (English),65a50f738bc07d4170cacbcd,https://testbook.com/upsc-cse-english-batch-2,https://cdn.testbook.com/resources/productionimages/001_All_1710827934.png
DSSSB PRT,65a63bb9d143a0ccdbf6bf49,https://testbook.com/dsssb-prt,https://cdn.testbook.com/resources/productionimages/goal_images/65a63bb9d143a0ccdbf6bf49_oct2024_1.png
DSSSB TGT,65a63c2fbaa88375e3a46a4c,https://testbook.com/dsssb-tgt,https://cdn.testbook.com/resources/productionimages/goal_images/65a63c2fbaa88375e3a46a4c_oct2024_1.png
DSSSB PGT (Theory + Practice) Combo,65a687a077d4372054dc9b76,https://testbook.com/dsssb-pgt,https://cdn.testbook.com/resources/productionimages/_Course%20card%20Judiciary%20%286%29_All_1749560755.png
MP Judiciary Mains Test Series,65a68fa061efbe09a1f8d708,https://testbook.com/mp-judiciary-mains,https:
DSSSB MTS,65a7ac0cc6fc7475ef22e1c4,https://testbook.com/dsssb-mts,https://cdn.testbook.com/resources/productionimages/DSSSB%20MTS_All_1709027674.png
RRB ALP (CBT 1),65aa3c54ce84754a872751b6,https://testbook.com/rrb-alp-cbt-1,https://cdn.testbook.com/resources/productionimages/RRB%20ALP%20%28CBT%201%29_V_All_1710315746.png
UGC NET/SET (Hinglish),65ae24c70013b3815bbc25c9,https://testbook.com/ugc-net,https://cdn.testbook.com/resources/productionimages/63140b9349ab0db12bc4d973_oct2024%20%284%29_All_1730887919.png
UIIC AO E-Books,65ae4ef1513cefbdf7a240f4,https://testbook.com/uiic-ao-ebook-1,
Bihar Vidhan Sabha Sachivalaya Bharti E-Books,65ae4f00c0cd29f8931be25f,https://testbook.com/bihar-vidhan-sabha-sachivalaya-bharti-ebook-1,
MPSC Prelims 2024 E-Books,65ae4f0b01815a1e57cce50a,https://testbook.com/mpsc-prelims-ebook-1,
NCL Assistant Foreman E-Books,65ae4f23f224abc9435df78d,https://testbook.com/ncl-assistant-foreman-ebook-1,
DSSSB Personal Assistant & Junior Judicial Assistant E-Books,65ae4f37caa58df1ff3c65c2,https://testbook.com/dsssb-personal-assistant-junior-judicial-assistant-ebook-1,
DSSSB PRT E-Books,65ae4f673aa8e4852310fee9,https://testbook.com/dsssb-prt-ebook-1,
DSSSB TGT E-Books,65ae4f71884528a751520c9d,https://testbook.com/dsssb-tgt-ebook-1,
DSSSB PGT E-Books,65ae4f7d01815a1e57ccf4da,https://testbook.com/dsssb-pgt-ebook-1,
DSSSB MTS E-Books,65ae4f900013b3815bc30dca,https://testbook.com/dsssb-mts-ebook-1,
RRB ALP/Technician (CBT 1) E-Books,65ae4f9cdfc414fbca3c51e6,https://testbook.com/rrb-alp-technician-cbt-1-ebook-1,
Delhi Home Guard,65b105dcd3c0f3cd2f4b1275,https://testbook.com/delhi-home-guard,https:
Nirnay IAS 2025 - Elite Batch (Hinglish),65b1147484ae838026c0f4ac,https://testbook.com/upsc-cse-nirnay-2025-3,https://cdn.testbook.com/resources/productionimages/001_All_1710847411.png
NPCIL Scientific Assistant,65b1149adb90227cd8d97240,https://testbook.com/npcil-scientific-assistant-2024,https:
Bihar सक्षमता परीक्षा,65b22e27262df901187e98e9,https://testbook.com/bihar-sakshamta-pariksha,https://cdn.testbook.com/resources/productionimages/1920X966_All_1734679343.png
UPSC Prelims 2024 - Superbatch 2 E-Books,65b25cdae80030102cc395fb,https://testbook.com/upsc-prelims-2024-ebook-1,https:
Nirnay IAS 2025 - Elite Batch (English) E-Books,65b25d233485f5aa157fd850,https://testbook.com/upsc-cse-english-ebook-1,https:
JPSC Prelims 2024,65b907c2b9e9172e43b2fe7e,https://testbook.com/jpsc,https://cdn.testbook.com/resources/productionimages/JPSC%20PRELIMS%202024_All_1708675667.png
NIACL Assistant,65ba15706e9c46f06782e9ff,https://testbook.com/niacl-assistant,https://cdn.testbook.com/resources/productionimages/NIACL%20Assistant_All_1708596912.png
Nirnay IAS 2025 -  Elite Batch (Hinglish) E-Books,65ba280d87a3898c6f52cb9b,https://testbook.com/upsc-cse-ebook-elite,https:
UGC NET/SET Batch 2.0 E-Books,65bb6ff298313b0980288665,https://testbook.com/ugc-net-ebook-1,
Delhi Home Guard E-Books,65bb6ffed872f96517d6f981,https://testbook.com/delhi-home-guard-ebook-1,
Bihar सक्षमता परीक्षा E-Books,65bb700d54fcdf168aecd802,https://testbook.com/bihar-sakshamta-pariksha-ebook-1,
NIACL Assistant E-Books,65bb7016168ff5c42df2063e,https://testbook.com/niacl-assistant-ebook-1,
CSIR NET/SET June 2024,65bfc763cc82862e8c3170e7,https://testbook.com/csir-net-june-2024,https:
UGC NET/SET June 2024,65c0f3498d5a32492683dcf1,https://testbook.com/ugc-net-june-2024,https:
RRB NTPC (2024- 25),65c35dbdc922b37652187aeb,https://testbook.com/rrb-ntpc1,https://cdn.testbook.com/resources/productionimages/1920X966_All_1741675699.png
RRB Group D,65c36a90d6fd5e8e9b9850b1,https://testbook.com/rrb-groupd,https://cdn.testbook.com/resources/productionimages/1920X966_All_1741675837.png
All Railway Exams,65c371a94d0d90a0592504e8,https://testbook.com/all-railway-exams,https://cdn.testbook.com/resources/productionimages/goal_images/65c371a94d0d90a0592504e8_oct2024_1.png
MPSC State Services,65c4b85ed7b9691bf5aae303,https://testbook.com/mpsc-state-services,https:
UP B.Ed,65c4e6f90a9b38e19ff0f4a2,https://testbook.com/up-bed,https://cdn.testbook.com/resources/productionimages/1000055236_All_1708323686.png
RRB JE,65c60f6d5d44b715dc4337c8,https://testbook.com/rrb-je1,https://cdn.testbook.com/resources/productionimages/goal_images/65c60f6d5d44b715dc4337c8_oct2024_1.png
All Railway Exams Bengali,65ca1b176235722ccc594d7d,https://testbook.com/railway-exams-bengali,https://cdn.testbook.com/resources/productionimages/goal_images/65ca1b176235722ccc594d7d_oct2024_1.png
All Railway Exams Marathi,65ca2e67ac55b549c2bf116d,https://testbook.com/railway-exams-marathi,https://cdn.testbook.com/resources/productionimages/goal_images/65ca2e67ac55b549c2bf116d_oct2024_1.png
JPSC Prelims 2024 E-Books,65cb1d75be37c871354eaa5a,https://testbook.com/jpsc-ebook-1,
CSIR NET/SET June 2024 E-Books,65cb1d84e9b36518295bb95f,https://testbook.com/csir-net-june-2024-ebook-1,
WB/Kolkata Police Constable,65cb1ff3dffb16c65d491b1d,https://testbook.com/west-bengal-police-constable,https://cdn.testbook.com/resources/productionimages/goal_images/65cb1ff3dffb16c65d491b1d_oct2024_1.png
Haryana Police Constable,65cb2ddaf4c576b3f9336619,https://testbook.com/haryana-police-constable,https:
MAHA Combo,65ccb20b778429b5fa703374,https://testbook.com/railway-maharashtra-saral-seva,https://cdn.testbook.com/resources/productionimages/goal_images/65ccb20b778429b5fa703374_oct2024_1.png
यशोदय MPSC Rajyseva 2025 E-Books,65d0c7a79869cdf544f28a56,https://testbook.com/mpsc-2025-ebook-1,
All Railway Exams Bengali E-Books,65d0c7b3841a658616e3baa0,https://testbook.com/railway-exams-bengali-ebook-1,
All Railway Exams Marathi E-Books,65d0c7bedde4c4cbbd929d47,https://testbook.com/railway-exams-marathi-ebook-1,
West Bengal Police Constable E-Books,65d0c7c9d7a7fb8d984b99d1,https://testbook.com/west-bengal-police-constable-ebook-1,
Haryana Police Constable E-Books,65d0c7d29869cdf544f292cd,https://testbook.com/haryana-police-constable-ebook-1,
Maharashtra Saral Seva + Railway Marathi Combo E-Books,65d0c7de47baf4148ffa70d3,https://testbook.com/railway-maharashtra-saral-seva-ebook-1,
RRB JE E-Books,65d0c7ebc93ff1b7bd34cfbb,https://testbook.com/rrb-je-ebook-1,
UP B.Ed E-Books,65d0c7f51ee43be48bb994ff,https://testbook.com/up-bed-ebook-1,
All Railway Exams E-Books,65d0c8000e2709b24a850286,https://testbook.com/all-railway-exams-ebook-1,
RRB Group D E-Books,65d0c80f0e2709b24a8505fd,https://testbook.com/rrb-groupd-ebook-1,
RRB NTPC E-Books,65d0c81a31e33f9b8ce47b74,https://testbook.com/rrb-ntpc-ebook-1,https:
Arogya Sevak Bharthi,65d5b2a0bda6594d02f0415d,https://testbook.com/arogya-sevak-bharthi,https://cdn.testbook.com/resources/productionimages/goal_images/65d5b2a0bda6594d02f0415d_oct2024_1.png
NPCIL Scientific Assistant E-Books,65d5d2a3197a4b22e26beab5,https://testbook.com/npcil-scientific-assistant-2024-ebook-1,
Live Optional & Recorded GS Classes Nirnay IAS 2025 (Hinglish),65d5e2429eea5948cc4d3359,https://testbook.com/upsc-cse-hinglish-recorded,https://cdn.testbook.com/resources/productionimages/Nirnay%20IAS%202025_SuperBatch%20-%20%20%28Hnglish%29%20copy_All_1708691610.png
GS Recorded & Live optional - Nirnay IAS SuperBatch - 3 (English),65d5e27a82202d5a50c79c0b,https://testbook.com/upsc-cse-english-recorded,https://cdn.testbook.com/resources/productionimages/Nirnay%20IAS%202025_SuperBatch%20-%203%20%28English%29_All_1708691025.png
Arogya Sevak Bharthi E-Books,65d807897d4b6949d9a4e183,https://testbook.com/arogya-sevak-bharthi-ebook-1,
RPSC Programmer,65d89076d8c8c1022fa83c3c,https://testbook.com/rpsc-programmer,https://cdn.testbook.com/resources/productionimages/RPSC_All_1708696565.png
SSC + Railway + Banking Combo,65d8a8d014cbb37ec69a1b53,https://testbook.com/ssc-railway-banking,https://cdn.testbook.com/resources/productionimages/Goal%20Icon%20Rectangle%20%282%29_All_1708947728.png
CG Vyapam Teacher 2024,65d8ad3c4288036d62bee7d1,https://testbook.com/cg-vyapam-teacher,https:
CG Vyapam Assistant Teacher 2024,65d8b11528f3e9f6f2007440,https://testbook.com/cg-vyapam-assistant-teacher,https:
CG Vyapam Teacher & Asst. Teacher,65d8bd6846347bbd614d2485,https://testbook.com/cg-vyapam-teacher-assistant-teacher,https://cdn.testbook.com/resources/productionimages/Goal%20Icon%20Rectangle%20%288%29_All_1735731241.png
RPSC Programmer E-Books,65dd9719d1f4b8faf26a844e,https://testbook.com/rpsc-programmer-ebook-1,
SSC + Railway + Banking Combo E-Books,65ddcfb361dafd8c344a00cc,https://testbook.com/ssc-railway-banking-ebook-1,
SAIL Operator Cum Technician,65ddd0ecf2a42dc9ec737b52,https://testbook.com/sail-operator-cum-technician-trainee,https://cdn.testbook.com/resources/productionimages/SAIL%20Operator%20Cum%20Technician%20%281%29_All_1709043141.png
UPSC EPFO Personal Assistant,65ddeb36043e110835a28d10,https://testbook.com/epfo-personal-assistant,https://cdn.testbook.com/resources/productionimages/UPMRC%20JE_All_1710699643.png
Judiciary Foundation 2.0,65df143f1444b87c898f11f8,https://testbook.com/judiciary-foundation-batch-2,https://cdn.testbook.com/resources/productionimages/Judiciary%20Foundation_All_1709128534.png
Judiciary Foundation Batch 2.0 E-Books,65df54fc176938562b4b717b,https://testbook.com/judiciary-foundation-new-ebook-1,
CG Vyapam Teacher & Asst. Teacher E-Books,65df5700a377da7c31db77cc,https://testbook.com/cg-vyapam-teacher-assistant-teacher-ebook-1,
CG Vyapam Assistant Teacher 2024 E-Books,65df571769b70b13692d3657,https://testbook.com/cg-vyapam-assistant-teacher-ebook-1,
CG Vyapam Teacher 2024 E-Books,65df5751a1154c8f2e8e48b2,https://testbook.com/cg-vyapam-teacher-new-ebook-1,
WB Gram Panchayat,65e05f7f678942bcb147883b,https://testbook.com/west-bengal-gram-panchayat,https://cdn.testbook.com/resources/productionimages/goal_images/65e05f7f678942bcb147883b_oct2024_1.png
SAIL Operator Cum Technician E-Books,65e06700f39587959dd7d5a0,https://testbook.com/sail-operator-cum-technician-trainee-ebook-1,
GS Recorded & Live optional Nirnay IAS - SuperBatch (Hindi),65e09412354ece81a74c1d8e,https://testbook.com/upsc-cse-hindi-recorded,https://cdn.testbook.com/resources/productionimages/Goal%20Icon%20Rectangle%20%285%29_All_1709290964.png
Nirnay IAS 2025 - SuperBatch (Hindi - Mains Test Series),65e19283046e58aa7b7790d4,https://testbook.com/mains-answer-writing-hindi,https://cdn.testbook.com/resources/productionimages/Untitled%20design%20%282%29_All_1709290237.png
Nirnay IAS 2025 - SuperBatch (Hindi - Live),65e1add72ba36a55d45c74d7,https://testbook.com/nirnay-upsc-hindi-1,https://cdn.testbook.com/resources/productionimages/Goal%20Icon%20Rectangle%20%284%29_All_1709290419.png
Nirnay IAS 2025 - SuperBatch (Hindi),65e1d41f2ba36a55d4604700,https://testbook.com/upsc-cse-hindi-1,https://cdn.testbook.com/resources/productionimages/01_All_1710828192.png
UPSC EPFO Personal Assistant E-Books,65e2d44566e2fd835cf72fbd,https://testbook.com/epfo-personal-assistant-ebook-1,
Nirnay IAS 2025 - SuperBatch (Hindi) E-Books,65e2dbd7acbb71f0dc83e28a,https://testbook.com/nirnay-cse-hindi-ebook-1,
Nirnay IAS 2025 - SuperBatch (Hindi - Live) E-Books,65e2dbe1d573d0a1e29ad958,https://testbook.com/nirnay-cse-hindi-live-ebook-1,
Nirnay IAS 2025 - SuperBatch (Hindi - Recorded) E-Books,65e2dc15ce32a5f092863a41,https://testbook.com/nirnay-cse-hindi-recorded-ebook-1,
BPSC Head Teacher (प्रधान शिक्षक),65e2e6be3fefa2c25b67c352,https://testbook.com/bpsc-head-teacher,https://cdn.testbook.com/resources/productionimages/12_All_1713793855.png
BPSC Head Master (प्रधानाध्यापक),65e2e71cd3c2285f84af05ea,https://testbook.com/bpsc-head-master,https://cdn.testbook.com/resources/productionimages/11_All_1713793789.png
BPSC Head Master E-Books,65e3062d45169882c02d9b82,https://testbook.com/bpsc-head-master-ebook-1,
BPSC Head Teacher E-Books,65e30636654ee0bfb9792a42,https://testbook.com/bpsc-head-teacher-ebook-1,
WB Gram Panchayat E-Books,65e3183bc15f140f71655a59,https://testbook.com/west-bengal-gram-panchayat-ebook-1,
Live Classes Nirnay IAS 2025 SuperBatch 4 (Hinglish),65e571ad58987d4a9b1ae779,https://testbook.com/nirnay-hinglish-4,https://cdn.testbook.com/resources/productionimages/Nirnay%20IAS%202025%20Hnglish_2_All_1709566735.png
CSIR Chemical Sciences Free Catalyst,65e5752d58987d4a9b1b7888,https://testbook.com/csir-net-chemical-science-catalyst,https://cdn.testbook.com/resources/productionimages/COMPLETE%20PREPARATION%20%287%29_All_1709731486.png
Mains Test Series - Nirnay IAS 2025 (Hinglish),65e5782356869c12ade24f4b,https://testbook.com/mains-answer-writing-hinglish,https:
Nirnay IAS 2025 - SuperBatch 3 (English - Live Night Batch),65e57e9cf621ab5d4dd4d1e9,https://testbook.com/nirnay-english-night-batch-1,https://cdn.testbook.com/resources/productionimages/Nirnay%20IAS%202025_NIGHT%20BATCH%20ENGLISH_All_1709558499.png
Nirnay IAS 2025 -  SuperBatch 3 (English - Mains Test Series),65e581a2f621ab5d4dd5215b,https://testbook.com/mains-answer-writing-english,https:
Nirnay IAS 2025 - Night Batch (English),65e5b203b85b3d101d0c79ab,https://testbook.com/upsc-cse-english-night-batch-1,https://cdn.testbook.com/resources/productionimages/01_All_1710828069.png
Nirnay IAS 2025 - Hinglish Batch,65e5ccfa969c6d63d6e4e83f,https://testbook.com/upsc-cse-4,https://cdn.testbook.com/resources/productionimages/01_All_1710828319.png
Nirnay IAS 2025 - English Batch (Live),65e61f28969c6d63d6edf02d,https://testbook.com/nirnay-upsc-english,https://cdn.testbook.com/resources/productionimages/Nirnay%20IAS%202025%20English%20Batch_2_All_1709579105.png
Nirnay IAS 2025 - English Batch,65e6cfe967c725f7ef81b41b,https://testbook.com/upsc-cse-english-4,https://cdn.testbook.com/resources/productionimages/01_All_1710827997.png
Nirnay IAS 2025 - Hinglish Batch E-Books,65e6e9390f70bc8efc5c2af2,https://testbook.com/nirnay-hinglish-four-4-ebook-1,
Nirnay IAS 2025 - English Batch E-Books,65e701c67273b010449ea59f,https://testbook.com/upsc-cse-newgoal-english-ebook-1,
Nirnay IAS 2025 - Night Batch (English) E-Books,65e701d4b835318298085a87,https://testbook.com/upsc-cse-english-newgoal-final-ebook-1,
MPSC Combined Group B & C 2024 - Fast Track Batch,65e706fade44ff513b168df4,https://testbook.com/mpsc-combined-group-b-and-c-new,https:
OSSC CGL (Pre),65eacf3eefac03970bde7957,https://testbook.com/ossc-cgl,https://cdn.testbook.com/resources/productionimages/659e54a95a122e99228b1c1c_oct2024_1_All_1738652011.jpg
Rajasthan Judiciary,65eae6c30cb538134c35e9b4,https://testbook.com/rajasthan-judiciary,https://cdn.testbook.com/resources/productionimages/goal_images/65eae6c30cb538134c35e9b4_oct2024_1.png
Rajasthan - APO,65eae96f0cb538134c36510a,https://testbook.com/rajasthan-apo-batch-1,https://cdn.testbook.com/resources/productionimages/Rajasthan---APO-1920x960px_All_1710318985.jpg
Rajasthan Judiciary & APO,65eaf391fd2b89d92eb3ce8e,https://testbook.com/rajasthan-judiciary-and-apo,https://cdn.testbook.com/resources/productionimages/goal_images/65eaf391fd2b89d92eb3ce8e_oct2024_1.png
UPSSSC JE,65eb02273c4f79d1cf3cff07,https://testbook.com/upsssc-je,https://cdn.testbook.com/resources/productionimages/goal_images/65eb02273c4f79d1cf3cff07_oct2024_1.png
BSPHCL Junior Accounts Clerk,65ec21f37f2ff133a63b3700,https://testbook.com/bsphcl-junior-accounts-clerk,https://cdn.testbook.com/resources/productionimages/goal_images/65ec21f37f2ff133a63b3700_oct2024_1.png
BSPHCL Clerk & Store Assistant,65ec37a0c0bb55b2ce16ed45,https://testbook.com/bsphcl-clerk-store-assistant,https://cdn.testbook.com/resources/productionimages/goal_images/65ec37a0c0bb55b2ce16ed45_oct2024_1.png
RRB Technician Grade 1 - Signal,65eca78df803ac22d2881470,https://testbook.com/rrb-technician-grade-1-signal,https://cdn.testbook.com/resources/productionimages/ls%20-%20r1_All_1750422194.png
Rajasthan Judiciary & APO E-Books,65ed66feb2788f7b947ed7e7,https://testbook.com/rajasthan-judiciary-and-apo-ebook-1,
Rajasthan - APO E-Books,65ed6727ee374b39f086da0c,https://testbook.com/rajasthan-apo-ebook-1,
Rajasthan Judiciary E-Books,65ed6737f84991c353a52ffa,https://testbook.com/rajasthan-judiciary-ebook-1,
RRB Technician Grade III - 2025,65eed38fb56f13fdf16f38c5,https://testbook.com/rrb-technician-grade-3,https://cdn.testbook.com/resources/productionimages/ls%20-%20r2_All_1750422263.png
UPSSSC JE E-Books,65eedd0e9baad12a68106cdf,https://testbook.com/upsssc-je-ebook-1,
RRB Technician Grade 1 - Signal E-Books,65eedd5f42dcf841642adb01,https://testbook.com/rrb-technician-grade-1-signal-ebook-1,
RRB Technician Grade 3 E-Books,65eedd8642dcf841642adfed,https://testbook.com/rrb-technician-grade-3-ebook-1,
CG TET,65f1a23605bf9a7063d1fd8d,https://testbook.com/cg-tet,https://cdn.testbook.com/resources/productionimages/COMPLETE%20PREPARATION%20%288%29_All_1710504860.png
MH SET 2024 Test & Discussion,65f1bf1c1d956619cc22bab1,https://testbook.com/mh-set-mock-test,https:
OSSSC RI/AMIN,65f278c1fa6e0a25aa5a9571,https://testbook.com/osssc-ri-amin,https://cdn.testbook.com/resources/productionimages/goal_images/65f278c1fa6e0a25aa5a9571_oct2024_1.png
BSPHCL Technician,65f2852574b7efdc13a8e6c8,https://testbook.com/bsphcl-technician,https://cdn.testbook.com/resources/productionimages/BSPHCL%20Tech._H_All_1710398725.png
BSPHCL Junior Accounts Clerk E-Books,65f2b5efc575136181964142,https://testbook.com/bsphcl-junior-accounts-clerk-ebook-1,
BSPHCL Clerk & Store Assistant E-Books,65f2b5fcade5471c80023c47,https://testbook.com/bsphcl-clerk-store-assistant-ebook-1,
OSSC CGL E-Books,65f2b61921fac5039cabc0ca,https://testbook.com/ossc-cgl-ebook-1,
CG TET E-Books,65f305d16fa5bb8cd9187f2d,https://testbook.com/cg-tet-ebook-1,
UPMRC JE,65f3faf3e6d9b9949c0d3dff,https://testbook.com/upmrc-je,https://cdn.testbook.com/resources/productionimages/RRB%20JE_All_1710511328.png
BSPHCL Technician E-Books,65f410c2ce8c08ab13277351,https://testbook.com/bsphcl-technician-ebook-1,
BPSC TRE 4.0 PRT (1 - 5),65f41bb6b76e0ee1f9202301,https://testbook.com/bihar-primary-teacher,https://cdn.testbook.com/resources/productionimages/goal_images/65f41bb6b76e0ee1f9202301_oct2024_1.png
BPSC TRE 4.0 TGT (9 - 10),65f4339ed5493012cb890068,https://testbook.com/bihar-secondary-teacher,https://cdn.testbook.com/resources/productionimages/goal_images/65f4339ed5493012cb890068_oct2024_1.png
UPMRC JE E-Books,65f4461c8cde7b6d2e91361a,https://testbook.com/upmrc-je-ebook-1,https:
BPSC TRE 4.0 PGT (11 - 12),65f45e166750e1dbd625b425,https://testbook.com/bihar-senior-secondary-teacher,https://cdn.testbook.com/resources/productionimages/goal_images/65f45e166750e1dbd625b425_oct2024_1.png
OSSC CHSL,65f5786e1046bd46cff27def,https://testbook.com/ossc-chsl,https://cdn.testbook.com/resources/productionimages/goal_images/65f5786e1046bd46cff27def_oct2024_1.png
Judiciary Foundation - Yoddha Batch,65f5878f48b5f2a0e88ca23c,https://testbook.com/judiciary-selection,https://cdn.testbook.com/resources/productionimages/Judiciary%20Foundation_2%20%281%29_All_1710757341.png
OSSC CHSL E-Books,65f58f7aa7be3bcf53ddaab9,https://testbook.com/ossc-chsl-ebook-1,https:
Bihar शिक्षक भर्ती (BPSC TRE),65f7ffb3c1f5228d7b9530f1,https://testbook.com/bihar-teacher,https://cdn.testbook.com/resources/productionimages/COMPLETE%20PREPARATION%20%2816%29_All_1711448425.png
Bihar शिक्षक भर्ती (BPSC TRE) E-Books,65f995a328d2f0eb46f9eb2e,https://testbook.com/bpsc-teacher-tre-ebook-1,https:
OSSSC RI/AMIN E-Books,65fab909b19f134f60610284,https://testbook.com/osssc-ri-amin-ebook-1,
BPSC TRE 4.0 TGT (6 - 8),65fed8068666fce0e71d6129,https://testbook.com/bihar-upper-primary-teacher,https://cdn.testbook.com/resources/productionimages/goal_images/65fed8068666fce0e71d6129_oct2024_1.png
Odisha SSB PGT,6606dbc9bb70055333f54b1a,https://testbook.com/odisha-ssb-pgt,https://cdn.testbook.com/resources/productionimages/goal_images/6606dbc9bb70055333f54b1a_oct2024_1.png
Odisha SSB PGT E-Books,660a8410df292e5564e01f12,https://testbook.com/odisha-ssb-pgt-ebook-1,
MAHA TET/TAIT,660bec50b2e143ef7b1e0458,https://testbook.com/maha-tet-tait,https://cdn.testbook.com/resources/productionimages/goal_images/660bec50b2e143ef7b1e0458_oct2024_1.png
MAHA TET/TAIT E-Books,660c4fc9f181467927d34b6c,https://testbook.com/maha-tet-tait-ebook-1,
Judiciary - New Criminal Law Batch (Recorded),660d3113c7459dccc69bb97a,https://testbook.com/new-criminal-laws-for-judiciary-exams,https://cdn.testbook.com/resources/productionimages/goal_images/660d3113c7459dccc69bb97a_oct2024_1.png
Bihar Lekhpal IT Sahayak,66165014a01b957f1cb7d128,https://testbook.com/bihar-lekhpal-it-sahayak,https://cdn.testbook.com/resources/productionimages/goal_images/66165014a01b957f1cb7d128_oct2024_1.png
UPPSC Prelims 2024,6616981279ee288ce86199e4,https://testbook.com/uppsc-prelims,https://cdn.testbook.com/resources/productionimages/goal_images/6616981279ee288ce86199e4_oct2024_1.png
Maha Pariksha - All in One,6617d6360f2f04a5ba4bacd1,https://testbook.com/maharashtra-all-exams,https://cdn.testbook.com/resources/productionimages/Maha-Pariksha---All-in-One-2_All_1712920771.jpg
Bihar Lekhpal IT Sahayak E-Books,66180507254368d3d235380a,https://testbook.com/bihar-lekhpal-it-sahayak-ebook-1,
Maha Pariksha - All in One E-Books,6618ef6d570eb1622e873368,https://testbook.com/maharashtra-all-exams-ebook-1,
UPPSC Prelims 2024 E-Books,661901e3bf65e738bf2f9737,https://testbook.com/uppsc-prelims-ebook-1,
MPSC + MBA,661aa130953421c6dc45f862,https://testbook.com/mpsc-mba,https://cdn.testbook.com/resources/productionimages/Horizontal_All_1713022123.png
SSC MTS Bengali 2025,661d17a1406df677945c4812,https://testbook.com/ssc-mts-bengali,https://cdn.testbook.com/resources/productionimages/goal_images/661d17a1406df677945c4812_oct2024_1.png
SSC MTS (Bengali) E-Books,661d30f0b406b088c3ef4bd1,https://testbook.com/ssc-mts-bengali-ebook-1,
RPF Constable/SI Marathi,661e8ecc5868f4e179017fa2,https://testbook.com/rpf-constable-si-marathi,https://cdn.testbook.com/resources/productionimages/goal_images/661e8ecc5868f4e179017fa2_oct2024_1.png
RPF Constble/SI Marathi E-Books,661eabbffcb3cb357930a07e,https://testbook.com/rpf-constable-si-marathi-ebook-1,
RPF Constable/SI Bengali,661f898eadc749e809cd5440,https://testbook.com/rpf-constable-si-bengali,https://cdn.testbook.com/resources/productionimages/goal_images/661f898eadc749e809cd5440_oct2024_1.png
RPF Constable/SI Bengali E-Books,661fb880f82ac8bccc8c0afd,https://testbook.com/rpf-constable-si-bengali-ebook-1,
UGC NET/SET 3.0,66210bdd432847c55768af07,https://testbook.com/ugc-net-dec-2024,https:
UGC NET/SET 3.0 E-Books,662918e05bc533df84d72982,https://testbook.com/ugc-net-dec-2024-ebook-1,
MPSC 2025 - 3 Days Free Access,662f7ee2ca9c6a1afce7b3f4,https://testbook.com/mpsc-2025-prep,https:
Rajasthan Civil Judge Test Series,6638d998c12b5fb01abc67f7,https://testbook.com/rajasthan-judiciary-mock-test,https://cdn.testbook.com/resources/productionimages/Rajasthan%20%20civil%20judge_All_1715082369.png
Agniveer Navy Supercoaching,663a28e9857b387b5f0b7fe6,https://testbook.com/agniveer-navy,https://cdn.testbook.com/resources/productionimages/1920X966%20%286%29_All_1716879555.png
Live Classes Nirnay IAS 2025 SuperBatch 5 (Hinglish),663b20ba5cc3759c10ea6f28,https://testbook.com/nirnay-hinglish,https://cdn.testbook.com/resources/productionimages/hinglish%202%20horizontal_All_1715150225.png
Nirnay IAS 2025 - Hinglish Batch 2,663b2960ac3099383c4ae23b,https://testbook.com/upsc-cse-hinglish-2,https://cdn.testbook.com/resources/productionimages/01_All_1715153234.png
Agniveer Navy E-Books,663b3940a699c5b4edc55c34,https://testbook.com/agniveer-navy-ebook-1,
Nirnay IAS 2025 - Night Batch 2 (English) - Live,663c7b2f6612a9c5e80b7156,https://testbook.com/nirnay-english-night-batch,https://cdn.testbook.com/resources/productionimages/01_All_1715238851.png
Nirnay IAS 2025 - Night Batch - 2 (English),663c807349a40c60e9ac0a04,https://testbook.com/upsc-cse-english-night-batch-2,https://cdn.testbook.com/resources/productionimages/01_All_1715240386.png
Nirnay IAS 2025 - Hindi batch - 2 (Live),663ddbe0709641bab434035a,https://testbook.com/nirnay-upsc-hindi,https://cdn.testbook.com/resources/productionimages/01_All_1715328899.png
Nirnay IAS 2025 - Hindi Batch - 2,663dfabda8e67464d8cf34ac,https://testbook.com/upsc-cse-hindi-2,https://cdn.testbook.com/resources/productionimages/01_All_1715334725.png
Nirnay IAS 2025 - English Batch - 2 (Live),6641b3635026c1207f1ca644,https://testbook.com/nirnay-upsc-english-4,https://cdn.testbook.com/resources/productionimages/01_All_1715581136.png
Nirnay IAS 2025 - English Batch - 2,6641ba4ee0969b2c95eff68b,https://testbook.com/upsc-cse-english-2,https://cdn.testbook.com/resources/productionimages/01_All_1715582712.png
Judiciary Foundation 3.0,66421a7b92a7d058b3b6bfd3,https://testbook.com/judiciary-foundation-batch-3,https://cdn.testbook.com/resources/productionimages/Horizontal%20card%203.0_All_1715607170.png
Odisha High Court ASO,6643472309fffeebd96cff33,https://testbook.com/odisha-high-court-aso,https://cdn.testbook.com/resources/productionimages/goal_images/6643472309fffeebd96cff33_oct2024_1.png
यशोदय MPSC Rajyseva 2025 - Batch 3.0,66434988e1db0c13b7ace225,https://testbook.com/mpsc-2,https://cdn.testbook.com/resources/productionimages/Goal%20Thumbnail_All_1708068124_All_1721656222.webp
Judiciary Exam E-Books,66435887ff9f57873a3dff4c,https://testbook.com/judiciary-foundation-ebook,https:
Odia Capsule,664378f2ec1fc15b7dedf497,https://testbook.com/odia-capsule,https://cdn.testbook.com/resources/productionimages/goal_images/664378f2ec1fc15b7dedf497_oct2024_1.png
Odisha High Court ASO E-Books,664463b6d3e5d32c58d8ec99,https://testbook.com/odisha-high-court-aso-ebook-1,
Odia & English - Language Pack E-Books,66447eceeba53e78e309a364,https://testbook.com/odia-english-grammar-ebook-1,
UPPSC Foundation,664642704a468e0eb85ed761,https://testbook.com/uppsc-foundation,https:
Nirnay IAS 2025 - English Batch - 2 E-Books,664c5d85d04e86ac38d2d5a2,https://testbook.com/upsc-cse-english-2-ebook-1,
Nirnay IAS 2025 - Hindi Batch - 2 E-Books,664c5d9523b83e9fb72d1720,https://testbook.com/upsc-cse-hindi-2-ebook-1,
Nirnay IAS 2025 - Night Batch - 2 (English) E-Books,664c5da423b83e9fb72d19df,https://testbook.com/upsc-cse-english-night-batch-english-2-ebook-1,
Nirnay IAS 2025 - Hinglish Batch 2 E-Books,664c5daec526f5286440d3b5,https://testbook.com/upsc-cse-2-ebook-1,
Nirnay IAS 2025 - Hindi Batch (Live - Without Books),664ca7ab0302d00b379f2ee1,https://testbook.com/nirnay-upsc-hindi-without-books,https:
Nirnay IAS 2025 - Hindi Batch (Without Books),664da23e919993653fbdca45,https://testbook.com/upsc-cse-hindi-without-books,https:
Bihar शिक्षक भर्ती (TRE 3.0),664da6e4c492276c797f4289,https://testbook.com/bpsc-teacher-tre,https://cdn.testbook.com/resources/productionimages/1%20-%205%20%281%29_All_1716466404.png
Nirnay IAS 2025 - Hindi Batch (Without Books) E-Books,664dc12a6da2d96f569b82e5,https://testbook.com/upsc-cse-hindi-without-books-ebook-1,
Reasoning Foundation - বাংলা,664f48dc386b74c9869b850e,https://testbook.com/west-bengal-reasoning-foundation,https://cdn.testbook.com/resources/productionimages/goal_images/664f48dc386b74c9869b850e_oct2024_1.png
Mathematics Foundation - বাংলা,664f58e92dc33ed2075681d5,https://testbook.com/west-bengal-mathematics-foundation,https://cdn.testbook.com/resources/productionimages/goal_images/664f58e92dc33ed2075681d5_oct2024_1.png
General Knowledge Foundation - বাংলা,665079c971276bc592814d33,https://testbook.com/west-bengal-general-knowledge,https://cdn.testbook.com/resources/productionimages/goal_images/665079c971276bc592814d33_oct2024_1.png
English Foundation - বাংলা,6650804e5e92a2cdb948e589,https://testbook.com/west-bengal-english-foundation,https://cdn.testbook.com/resources/productionimages/goal_images/6650804e5e92a2cdb948e589_oct2024_1.png
General Science Foundation - বাংলা,6650990be1fc079be43bd0bf,https://testbook.com/west-bengal-science-foundation,https://cdn.testbook.com/resources/productionimages/goal_images/6650990be1fc079be43bd0bf_oct2024_1.png
Zero to Hero Foundation Course - বাংলা,66509eed25dfc73a2f670c85,https://testbook.com/west-bengal-foundation,https://cdn.testbook.com/resources/productionimages/goal_images/66509eed25dfc73a2f670c85_oct2024_1.png
West Bengal General Science Foundation E-Books,665590263526b4f2577085f0,https://testbook.com/west-bengal-science-foundation-ebook-1,
West Bengal English Foundation E-Books,6655905338a88a27ab4db360,https://testbook.com/west-bengal-english-foundation-ebook-1,
West Bengal General Knowledge Foundation E-Books,66559076cdb47db24b2cba8b,https://testbook.com/west-bengal-general-knowledge-ebook-1,
West Bengal Mathematics Foundation E-Books,665590fbc74ec36a2d1ab087,https://testbook.com/west-bengal-mathematics-foundation-ebook-1,
West Bengal Reasoning Foundation E-Books,6655912767415f8036f04276,https://testbook.com/west-bengal-reasoning-foundation-ebook-1,
West Bengal Foundation E-Books,665591463752c304de9ed2d4,https://testbook.com/west-bengal-foundation-ebook-1,
DGP Nursery Teacher,66572e082600f8c3ed3de6d6,https://testbook.com/dsssb-guidance-program,https://cdn.testbook.com/resources/productionimages/COMPLETE%20PREPARATION%20%2818%29_All_1717168683.png
UGC NET OMR Mock Test,6659ab19a2c1f48a227baa81,https://testbook.com/ugc-net-omr-mock-test,https://cdn.testbook.com/resources/productionimages/COMPLETE%20PREPARATION%20%2819%29_All_1717174205.png
DGP TGT Hindi,6659b06d989305b6853936de,https://testbook.com/dsssb-dgp-hindi,https://cdn.testbook.com/resources/productionimages/Hindi_All_1717671898.png
DGP TGT Social Science,6659bbe8b938ea222591afbf,https://testbook.com/dsssb-dgp-sst,https://cdn.testbook.com/resources/productionimages/SST_All_1717674214.png
DGP TGT Science,6659bbf70234d036c70260dd,https://testbook.com/dsssb-dgp-science,https://cdn.testbook.com/resources/productionimages/Science_All_1717674000.png
DGP TGT Mathematics,6659bc07658cae442c89c460,https://testbook.com/dsssb-dgp-maths,https://cdn.testbook.com/resources/productionimages/Maths_All_1717672138.png
DGP TGT English,6659bc14584d112587965805,https://testbook.com/dsssb-dgp-english,https://cdn.testbook.com/resources/productionimages/English_All_1717671951.png
MPSC Combined Group B & C - Prelims 2024,665dc12422f9731daa9560a4,https://testbook.com/mpsc-combined-group-b-and-c-2024,https:
Shikhar: Comprehensive Batch for Judiciary exams,66604a91ff0aeefcc60084eb,https://testbook.com/judiciary-foundation-shikhar,https://cdn.testbook.com/resources/productionimages/goal_images/66604a91ff0aeefcc60084eb_oct2024_1.png
SSC MTS E Magazine + Recorded Course,6662a6b75223b178c652f0c3,https://testbook.com/ssc-mts-current-affairs,https:
BSF Head Constable/ASI,6665489ab15a979885efe5ef,https://testbook.com/bsf-head-constable-asi,https://cdn.testbook.com/resources/productionimages/1920X966%20%287%29_All_1718008535.png
Bihar शिक्षक भर्ती (TRE 3.0) - Practice Batch,6666b660e9cde4a9f566128e,https://testbook.com/bihar-teacher-practice,https://cdn.testbook.com/resources/productionimages/1%20-%205%20%282%29_All_1718015852.png
All Bank Clerk Exams Marathi,6668214675d4ca39caabc9d1,https://testbook.com/bank-exams-marathi,https://cdn.testbook.com/resources/productionimages/goal_images/6668214675d4ca39caabc9d1_oct2024_1.png
OSSC CGL Mains,666836a031f20250efdfe336,https://testbook.com/ossc-cgl-mains,https://cdn.testbook.com/resources/productionimages/goal_images/666836a031f20250efdfe336_oct2024_1.png
Skill Paid Masterclass - Goal,66685a45c69b52d0aafac302,https://testbook.com/skill-paid-masterclass,https:
IBPS RRB Clerk Marathi E-Books,666944b22d53b750eb4fce6e,https://testbook.com/bank-exams-marathi-ebook-1,
BPSC Recorded,6669a24fe2d57490ab685651,https://testbook.com/bpsc,https://cdn.testbook.com/resources/productionimages/goal_images/6669a24fe2d57490ab685651_oct2024_1.png
teaching dummy,666d699c3887064a69f82b52,https://testbook.com/jharkhand-tet,https:
Jharkhand TET E-Books,6670179b61e13afa6e1757da,https://testbook.com/jtet-ebook-1,
SSC CGL (Guaranteed Selection Program),6671622263c27acc903edba9,https://testbook.com/ssc-cgl2,https:
BPSC AE Civil,66716fdbf7c334586813c636,https://testbook.com/bpsc-ae-civil-engineer,https://cdn.testbook.com/resources/productionimages/629f359f7c4c3d752a464f86_oct2024_1%20%281%29_All_1746118380.png
Nirnay IAS - 2025 Officers Batch (English - Live),6672c312a77a2c11f66eee20,https://testbook.com/nirnay-upsc-english-5,https:
Nirnay IAS - 2025 Officers Batch (English),6672d6e54f639ee408753897,https://testbook.com/upsc-cse-english-officers,https:
UCG NET Practice Batch,6673eac7c8a819bf64a646f1,https://testbook.com/ugc-net-practice,https:
Nirnay IAS - 2025 Officers Batch (Hinglish),66766f1cb4d2db6c405f86e7,https://testbook.com/upsc-cse-officers-1,https://cdn.testbook.com/resources/productionimages/New%20UI%20X%201920X966_All_1719482173.png
OSSC CGL (Pre + Mains),667686a42af643583405ffdd,https://testbook.com/ossc-cgl-pre-mains,https://cdn.testbook.com/resources/productionimages/goal_images/667686a42af643583405ffdd_oct2024_1.png
COMPREHENSIVE MAINS PROGRAM 750 (CMP750),667691b6086982f3cc5f7073,https://testbook.com/essay-ethics-mains-answer-writing-2025,https://cdn.testbook.com/resources/productionimages/64c78a27b36621d405629c4b_All_1719045979.png
Computer Skill Test for Odisha Exam,667697909282a411c161548e,https://testbook.com/computer-skill-test-odisha,https://cdn.testbook.com/resources/productionimages/goal_images/667697909282a411c161548e_oct2024_1.png
Nirnay IAS - 2025 Officers Batch (Night Batch - English),6676a00c1846445bba185a46,https://testbook.com/upsc-cse-officers-english-night-batch,https://cdn.testbook.com/resources/productionimages/New%20UI%20X%201920X966%20%281%29_All_1720606102.png
Nirnay IAS - 2025 Officers Batch (Hindi),6676d300afebfe4f999e0bf1,https://testbook.com/upsc-cse-officers-hindi-1,https://cdn.testbook.com/resources/productionimages/1_All_1719481882.png
NIRNAY IAS SPL College Batch (Hinglish),6677e53ed05c4ccb6eb1b6b8,https://testbook.com/upsc-cse-special-college-1,https://cdn.testbook.com/resources/productionimages/New%20UI%20X%201920X966%20%282%29_All_1720606301.png
SSC CGL - Bengali,6679495eac2efe75f8331f09,https://testbook.com/ssc-cgl-bengali,https://cdn.testbook.com/resources/productionimages/ssc_All_1719222730.webp
SSC MTS - Marathi,66798219d50348277a11bd4a,https://testbook.com/ssc-mts-marathi,https://cdn.testbook.com/resources/productionimages/goal_images/66798219d50348277a11bd4a_oct2024_1.png
Data Interpretation for All Banking & Insurance Exam,667a69987489a26f4a7cfe12,https://testbook.com/data-interpretation-banking-insurance,https:
Comprehensive Mains Program 750 (3 Months),667a74fa4e5beeea379f4bd5,https://testbook.com/mains-answer-writing-2025,https://cdn.testbook.com/resources/productionimages/64c78a27b36621d405629c4b_All_1719045979_All_1719300899.webp
Data Interpretation for All Banking & Insurance Exam E-Books,667a997e69571a4a44ba1151,https://testbook.com/data-interpretation-banking-insurance-ebook-1,https:
Rajasthan Judiciary Mains Batch,667bd5779e7f290027688782,https://testbook.com/rajasthan-judiciary-mains,https://cdn.testbook.com/resources/productionimages/goal_images/667bd5779e7f290027688782_oct2024_1.png
Rajasthan Judiciary Mains Batch E-Books,667bf03b30447839326cded9,https://testbook.com/rajasthan-judiciary-mains-ebook-1,
BSSC CGL 4,667e6cdde799d81da6051966,https://testbook.com/bssc-cgl-new,https://cdn.testbook.com/resources/productionimages/bssc%20chbvdlkfa%20land%20sdc_All_1746619583.jpg
​MPTET शिक्षक भर्ती वर्ग 2 (चयन परीक्षा),6682996f63ba8d48adc9730d,https://testbook.com/mptet-varg-2-mains,https://cdn.testbook.com/resources/productionimages/1920X966%20%283%29_All_1720770118.png
Nirnay IAS 2025 - Hinglish without books without optional,6682a1f5d1c8eb4330af7e0a,https://testbook.com/upsc-cse-hinglish-without-books-without-optional,https:
Samadhan - UPSC Current Affairs,6682b86d62d44413975f4fb2,https://testbook.com/samadhan-upsc-current-affairs,https://cdn.testbook.com/resources/productionimages/New%20UI%20X%201920X966%20%283%29_All_1720606604_All_1721901995.png
IBPS Clerk Marathi,6683a4e59c4d1de203801dee,https://testbook.com/ibps-clerk-exam-marathi,https://cdn.testbook.com/resources/productionimages/1920X966%20%2817%29_All_1720003020.png
Geography Optional (UPSC Mains) by Kapil Bhardwaj Sir,6684fd7dc118def1d4391b6d,https://testbook.com/geography-optional-kapil-bhardwaj-previous,https://cdn.testbook.com/resources/productionimages/New%20UI%20X%201920X966%20%289%29_All_1737539734.png
​MPTET शिक्षक भर्ती वर्ग 2 (चयन परीक्षा) E-Books,66859a205f22fa8b9fcc864d,https://testbook.com/mptet-varg-2-mains-ebook-1,
Geography Optional (UPSC Mains) by Kapil Bhardwaj Sir E-Books,6686519bdc8856ec2d1f3bb5,https://testbook.com/geography-optional-kapil-bhardwaj-ebook-1,
RBI Grade B (Phase - 1) Crash Course,6687e33a53a476c07bd99422,https://testbook.com/rbi-grade-b-crash-course,https:
RBI Grade B 2024 Crash Course,6688047fa80474835a7cccf7,https://testbook.com/rbi-grade-b-phase-1-and-2,https:
Nirnay IAS 2025 - Officers Batch (Hinglish) With Optional,668bb254bcedad940069aaa1,https://testbook.com/upsc-cse-hinglish-with-optional-1,https://cdn.testbook.com/resources/productionimages/Hinglish%20rec_All_1720430442.png
NIRNAY IAS SPL College Batch With Optional,668bba783a70a048a3baa0b1,https://testbook.com/upsc-cse-special-college-with-optional-1,https://cdn.testbook.com/resources/productionimages/k23v7swe_All_1720432416.png
Nirnay IAS - 2025 Officers Batch (Night Batch - English) With Optional,668bc85506b0f72b39cc5b54,https://testbook.com/upsc-cse-english-night-batch-with-optional,https://cdn.testbook.com/resources/productionimages/night%20batch%20rec_All_1720435634.png
Nirnay IAS 2025 - Officers Batch (English) With Live Optional,668bce2a254851fc3b35edac,https://testbook.com/upsc-cse-english-batch-with-optional,https://cdn.testbook.com/resources/productionimages/Englihs%20rec_All_1720437744.png
SEBI Grade A 2024 Practice Course,668bdd2b8510440471c674a0,https://testbook.com/sebi,https:
Jharkhand (JSSC) TGT + PGT,668d09b8848197c4a777acb0,https://testbook.com/jssc-tgt-pgt,https://cdn.testbook.com/resources/productionimages/1920X966%20%282%29_All_1720769759.png
Regulatory Bodies E-Books,668d2d08fd1c3baf8831783f,https://testbook.com/regulatory-bodies-ebooks,https:
SBI PO & SBI Clerk,668e6618d429e65c3ca25335,https://testbook.com/sbi-po-clerk,https://cdn.testbook.com/resources/productionimages/1920X966%20%289%29_All_1735281036.png
HSSC JBT/PRT,668e66a860a16703190af2f1,https://testbook.com/hssc-jbt-prt,https://cdn.testbook.com/resources/productionimages/Goal%20Icon%20Rectangle%20%287%29_All_1735728909.png
Chakravyuh: Prelims Test Series for All Judiciary Exams,668e74dcf3807be601add476,https://testbook.com/chakravyuh-judiciary-prelims,https://cdn.testbook.com/resources/productionimages/All%20J%20TS%20Rec_All_1720611307.png
PSIR Optional (UPSC Mains) by Kiran Anishetty Sir (Recorded),668e7bc454b491d337ef2d2f,https://testbook.com/psir-optional-kiran-sir,https://cdn.testbook.com/resources/productionimages/New%20UI%20X%201920X966%20%2813%29_All_1737541222.png
Public Administration optional by Rahul Sharma Sir (Recorded),668f7304a5cfda4c5599c686,https://testbook.com/pub-ad-optional-rahul-sharma,https://cdn.testbook.com/resources/productionimages/New%20UI%20X%201920X966%20%2811%29_All_1737540200.png
Hindi Literature Optional (UPSC Mains) by Prachi Choudhary Ma'am (Recorded),668f820a7deec882e946ad60,https://testbook.com/hindi-literature-optional,https://cdn.testbook.com/resources/productionimages/New%20UI%20X%201920X966%20%2814%29_All_1737541675.png
History Optional (UPSC Mains) by Sushant Trivedi Sir (Recorded),668faa9e66f7452ca9362b29,https://testbook.com/history-optional-sushant-trivedi,https://cdn.testbook.com/resources/productionimages/New%20UI%20X%201920X966%20%2812%29_All_1737540517.png
Geography Optional (UPSC Mains) by Kapil Bhardwaj Sir E-Books E-Books,668fb9040eef925337e7243b,https://testbook.com/geography-optional-kapil-bhardwaj-ebook-1-ebook-1,
PSIR Optional (UPSC Mains) by Kiran Anishetty Sir E-Books,668fbcf6a2639952aecc0f5e,https://testbook.com/psir-optional-kiran-sir-ebook-1,
History Optional (UPSC Mains) by Sushant Trivedi Sir E-Books,668fbdaf7deec882e94fd1d8,https://testbook.com/history-optional-sushant-trivedi-ebook-1,
Public Administration (UPSC Mains) by Rahul Sharma Sir E-Books,668fbe0ba2639952aecc2fbb,https://testbook.com/pub-ad-optional-rahul-sharma-ebook-1,
SSC CGL (Guaranteed Selection Program) 2025,6690233b5d31ec8fe35471a1,https://testbook.com/ssc-cgl-slug,https://cdn.testbook.com/resources/productionimages/goal_images/6690233b5d31ec8fe35471a1_oct2024_1.png
Nirnay IAS - 2025 Officers Batch (Hindi) with optional,6690c3ef8a98dd8e7679df2f,https://testbook.com/upsc-cse-hindi-with-optional-1,https:
Nirnay IAS - 2025 Officers Batch (Hindi) with optional E-Books,6690dfada4cecd1a125cb611,https://testbook.com/upsc-cse-hindi-with-optional-ebook-1,
General Awareness Foundation - मराठी,669108dc1e40026c880b7422,https://testbook.com/general-awareness-foundation-marathi,https://cdn.testbook.com/resources/productionimages/goal_images/669108dc1e40026c880b7422_oct2024_1.png
Nirnay IAS - Ultimate Optional Pack,669109a15ce7e8979ed9810d,https://testbook.com/ultimate-optional-pack,https:
Reasoning Foundation - मराठी,6692a0dc0a704f74b7270a7e,https://testbook.com/reasoning-foundation-marathi,https://cdn.testbook.com/resources/productionimages/goal_images/6692a0dc0a704f74b7270a7e_oct2024_1.png
English Foundation - मराठी,6692a4a260b67fa0013143a1,https://testbook.com/english-foundation-marathi,https://cdn.testbook.com/resources/productionimages/goal_images/6692a4a260b67fa0013143a1_oct2024_1.png
मराठी Foundation,6692d05d856b9f474d7bad4f,https://testbook.com/marathi-foundation,https://cdn.testbook.com/resources/productionimages/goal_images/6692d05d856b9f474d7bad4f_oct2024_1.png
All Subjects Foundation - मराठी,6694d7cde2910e2b6c9eb637,https://testbook.com/all-subjects-foundation-marathi,https://cdn.testbook.com/resources/productionimages/goal_images/6694d7cde2910e2b6c9eb637_oct2024_1.png
Mathematics Foundation - मराठी,66950c5a36c5e380d32acd88,https://testbook.com/mathematics-foundation-marathi,https://cdn.testbook.com/resources/productionimages/goal_images/66950c5a36c5e380d32acd88_oct2024_1.png
All Subjects Foundation - मराठी E-Books,66961d0d9cedbf364bfc49e4,https://testbook.com/all-subjects-foundation-marathi-ebook-1,
मराठी Foundation E-Books,6696408ab4944afdd6005103,https://testbook.com/marathi-foundation-ebook-1,
English Foundation - मराठी E-Books,669641a5103ccaa6cf3fb2be,https://testbook.com/english-foundation-marathi-ebook-1,
Reasoning Foundation - मराठी E-Books,6696428fb68288f97c5cdfbe,https://testbook.com/reasoning-foundation-marathi-ebook-1,
General Awareness Foundation - मराठी E-Books,669642c5b8a7f809b4f4cbf0,https://testbook.com/general-awareness-foundation-marathi-ebook-1,
Mathematics Foundation - मराठी E-Books,669642d7f13d0c1bd4d49966,https://testbook.com/mathematics-foundation-marathi-ebook-1,
New Criminal Law Batch by Shubham Upadhyay Sir,6699f9b26e2fc9710e87ecf6,https://testbook.com/new-criminal-laws-by-shubham-upadhyay,https://cdn.testbook.com/resources/productionimages/goal_images/6699f9b26e2fc9710e87ecf6_oct2024_1.png
Rajasthan - APO 2.0,669e3a47dc0ef0fcac39f67f,https://testbook.com/rajasthan-apo,https://cdn.testbook.com/resources/productionimages/goal_images/669e3a47dc0ef0fcac39f67f_oct2024_1.png
RBI Grade B,66a0a677977113d7772ca0ec,https://testbook.com/rbi-grade-b,https://cdn.testbook.com/resources/productionimages/1920X966%20%281920%20x%20966%20px%29%20%281%29_All_1744351283.png
RRB JE (Mechanical) Guaranteed Selection Program 2024,66a0b75613ed6e2b7ec74237,https://testbook.com/rrb-je-mechanical,https://cdn.testbook.com/resources/productionimages/goal_images/66a0b75613ed6e2b7ec74237_oct2024_1.png
RRB JE (Electrical) Guaranteed Selection Program 2024,66a0e1595e7a238f11d29481,https://testbook.com/rrb-je-electrical,https://cdn.testbook.com/resources/productionimages/goal_images/66a0e1595e7a238f11d29481_oct2024_1.png
RRB JE (Civil) Guaranteed Selection Program 2024,66a0eca7fa9dc5d20c83a4b2,https://testbook.com/rrb-je,https://cdn.testbook.com/resources/productionimages/goal_images/66a0eca7fa9dc5d20c83a4b2_oct2024_1.png
RRB JE (Electronics & CS ) Guaranteed Selection Program 2024,66a1fd007d0cf3757f96650d,https://testbook.com/rrb-je-electronics,https://cdn.testbook.com/resources/productionimages/goal_images/66a1fd007d0cf3757f96650d_oct2024_1.png
HPSC PGT,66a20da5425ec229307916e9,https://testbook.com/hpsc-pgt,https://cdn.testbook.com/resources/productionimages/1920X966_All_1722058225.png
RBI Grade B E-Books,66a37f2a1497194f27bd1e51,https://testbook.com/rbi-foundation-ebook-1,https:
Dummy,66a3b4a5a780bc320b08e4cf,https://testbook.com/rrb-je-gsp,https:
Nirnay IAS 2025 - Night Batch (English) without books without optional,66a5e154852ad20ca7db0fef,https://testbook.com/upsc-ece-english-without-books-without-optional,https:
Nirnay IAS 2025 - Hindi without books without optional,66a5f669d59fa3c5dde6ca18,https://testbook.com/upsc-cse-hindi-without-books-without-optional,https:
Nirnay IAS - 2025 Hindi without books with optional,66a649d2eeb3bf050dc1e2f5,https://testbook.com/upsc-cse-hindi-without-books-with-optional,https:
Nirnay IAS - 2025 Hinglish without books with optional,66a6624d54bdcbd63659e325,https://testbook.com/upsc-cse-hinglish-without-books-with-optional,https:
Nirnay IAS - 2025 English without books with optional,66a68a4edbada7eb94dacd75,https://testbook.com/upsc-ece-english-without-books-with-optional,https:
RRB NTPC (Guaranteed Selection Program),66a77cedadbe60ae756d984e,https://testbook.com/rrb-ntpc,https://cdn.testbook.com/resources/productionimages/goal_images/66a77cedadbe60ae756d984e_oct2024_1.png
SSC CGL 2024 Crash Course,66a8a94bdd210af6dd0b1236,https://testbook.com/ssc-cgl3,https://cdn.testbook.com/resources/productionimages/1920X966%20%285%29_All_1724229035.png
Judiciary 360 Foundation,66a8bd09ab050a467477c515,https://testbook.com/judiciary-foundation-batch-4,https://cdn.testbook.com/resources/productionimages/goal_images/66a8bd09ab050a467477c515_oct2024_1.png
BMC + Maharashtra Mahanagar Palika Bharti,66a8d53d9f9f69a150649977,https://testbook.com/maharashtra-mahanagar-palika-bharti,https://cdn.testbook.com/resources/productionimages/goal_images/66a8d53d9f9f69a150649977_oct2024_1.png
CAT 2024 Test Series,66a8fa0f9e452f172bd707d3,https://testbook.com/cat-mock-test,https://cdn.testbook.com/resources/productionimages/1920X966_All_1722522011.png
Sociology Optional (UPSC Mains) by Ankur Sir (Recorded),66a9e928a4aa3285f8c2eebf,https://testbook.com/sociology-optional,https://cdn.testbook.com/resources/productionimages/New%20UI%20X%201920X966%20%2810%29_All_1737539930.png
Sociology Optional (UPSC Mains) by Ankur Aggarwal Sir E-Books,66aa3e23d416281c09314f7f,https://testbook.com/sociology-optional-ebook-1,
NABARD Grade A (Pre + Mains) Mock Test 2024,66af11cabbd3201066b10f9e,https://testbook.com/nabard-mock-test,https://cdn.testbook.com/resources/productionimages/Nabard%20%281%29_All_1723027361.png
Nirnay IAS 2025 - Officers Batch - 2 (Hinglish),66b07113eb088afeede5f0c3,https://testbook.com/upsc-cse-hinglish-officers-2,https:
Nirnay IAS 2025 - Officers Batch - 2 (Hinglish) With Optional,66b085cfb0ef2dac54e5773a,https://testbook.com/upsc-cse-hinglish-officers-2-with-optional,https:
NIRNAY IAS SPL College Batch - 2 (Hinglish),66b08cf1ccf31b48d09ac733,https://testbook.com/upsc-cse-special-college,https://cdn.testbook.com/resources/productionimages/New%20UI%20X%201920X966%20%285%29_All_1724750034.png
NIRNAY IAS 2025 - SPL College Batch - 2 With Optional,66b090382cc050622add8713,https://testbook.com/upsc-cse-special-college-with-optional,https:
Nirnay IAS - 2025 Officers Batch - 2 (Hindi),66b0ac0a64291ef9f2b6e88d,https://testbook.com/officers-2-hindi,https:
Nirnay IAS 2025 - Officers Batch - 2 (Hindi) With Optional,66b0b31bc6a1e91d9d6fe943,https://testbook.com/upsc-cse-hindi-with-optional,https:
Nirnay IAS - 2025 Officers Batch - 2 (Night Batch - English),66b1c7aef5c9ce2304e4d520,https://testbook.com/upsc-cse-english-officers-2,https:
Nirnay IAS - 2025 Officers Batch - 2 (Night Batch - English) With Optional,66b1cb5852c6d710aafcb602,https://testbook.com/upsc-cse-english-night-batch,https:
HPSC Assistant Professor,66b32b357503dc594f69c753,https://testbook.com/hpsc-asst-professor,https://cdn.testbook.com/resources/productionimages/1920X966%20%281%29_All_1723109648.png
NABARD Grade A (Pre + Mains) Mock Test 2024 E-Books,66b34c52cbc88a1e46c5933d,https://testbook.com/nabard-mock-test-ebook-1,
HPSC Assistant Professor E-Books,66b367fb135c9f30f93be8ca,https://testbook.com/hpsc-asst-professor-ebook-1,
BSSC Group D,66b47159077a3641176b8a37,https://testbook.com/bssc-group-d,https://cdn.testbook.com/resources/productionimages/goal_images/66b47159077a3641176b8a37_oct2024_1.png
UGC NET/SET (English Medium),66b47f87cd3e9dcc0299004a,https://testbook.com/ugc-net-english-batch,https://cdn.testbook.com/resources/productionimages/1920X966%20%282%29_All_1724230423.png
Central Combo - Bengal Central,66b4d14a94b0ee3b49f27f78,https://testbook.com/central-exams-bengal,https://cdn.testbook.com/resources/productionimages/goal_images/66b4d14a94b0ee3b49f27f78_oct2024_1.png
State Combo - Bengal Warriors,66b4d1ddea791927ce40c53a,https://testbook.com/west-bengal-state-exams,https://cdn.testbook.com/resources/productionimages/goal_images/66b4d1ddea791927ce40c53a_oct2024_1.png
State + Central Combo - Bengal Tiger,66b4db462529cf9f36023364,https://testbook.com/west-bengal-exams,https://cdn.testbook.com/resources/productionimages/goal_images/66b4db462529cf9f36023364_oct2024_1.png
State + Central Combo - Bengal Tiger E-Books,66b9b0b898dfe95c6b505418,https://testbook.com/west-bengal-exams-ebook-1,
CTET copied,66b9d32c2d5064c66b25fdd9,https://testbook.com/ctet-copied,https://cdn.testbook.com/resources/productionimages/1920X966%20%281%29_All_1723470815.png
OSSSC RI/AMIN: Mock Test Batch,66bc64339893b33ee4cd7500,https://testbook.com/osssc-ri-amin-mock-test,https://cdn.testbook.com/resources/productionimages/goal_images/66bc64339893b33ee4cd7500_oct2024_1.png
BSSTET Mains,66bc95aed07ceb3d5b9a269d,https://testbook.com/bsstet-mains,https://cdn.testbook.com/resources/productionimages/1920X966_All_1723846050.png
IIT JAM & CUET PG,66bf2cb711ba1fb390cce153,https://testbook.com/iit-jam-cuet-pg,https:
BSSTET Mains E-Books,66bf45aca973e57efec3aa67,https://testbook.com/bsstet-mains-ebook-1,
RBI Grade B + SEBI Grade A Combo 2025,66c599cab09c3abebaf1e753,https://testbook.com/rbi-sebi-foundation-english,https:
BELTRON Data Entry Operator (DEO),66c5cc79563c6c3c6c434c26,https://testbook.com/beltron-data-entry-operator,https://cdn.testbook.com/resources/productionimages/goal_images/66c5cc79563c6c3c6c434c26_oct2024_1.png
BELTRON Data Entry Operator (DEO) E-Books,66c5e0bfd9cfe7594928c50d,https://testbook.com/beltron-data-entry-operator-ebook-1,
Bihar Police Maha Pack,66c6f5c27cda9c8339fce8f8,https://testbook.com/bihar-police-mahapack,https://cdn.testbook.com/resources/productionimages/goal_images/66c6f5c27cda9c8339fce8f8_oct2024_1.png
SSC GD Odia,66c833619ff38723c8478978,https://testbook.com/ssc-gd-odia,https://cdn.testbook.com/resources/productionimages/goal_images/66c833619ff38723c8478978_oct2024_1.png
Samadhan - UPSC Current Affairs (Hindi),66cc3ad882a3caf67bec0b4b,https://testbook.com/samadhan-upsc-current-affairs-hindi,https:
SSC GD Odia E-Books,66cd8bb670c23744a3bf8671,https://testbook.com/ssc-gd-odia-ebook-1,
OSSSC RI/AMIN Combo,66ced397ef9c7f955f127c96,https://testbook.com/osssc-ri-amin-complete-syllabus,https://cdn.testbook.com/resources/productionimages/goal_images/66ced397ef9c7f955f127c96_oct2024_1.png
RRB NTPC Bengali,66d6aeeef96a1f39623554cf,https://testbook.com/rrb-ntpc-bengali,https://cdn.testbook.com/resources/productionimages/goal_images/66d6aeeef96a1f39623554cf_oct2024_1.png
RRB NTPC Marathi,66d6b8f2371ebc4778374431,https://testbook.com/rrb-ntpc-marathi,https://cdn.testbook.com/resources/productionimages/goal_images/66d6b8f2371ebc4778374431_oct2024_1.png
Geography Optional (Hindi) by Abhishek Mishra Sir,66d6c10bf51a3d4a892510c9,https://testbook.com/geography-optional-hindi,https:
HTET PRT,66d71157fb9bb6b8d23510f0,https://testbook.com/htet-prt,https://cdn.testbook.com/resources/productionimages/goal_images/66d71157fb9bb6b8d23510f0_oct2024_1.png
HSSC JBT/PRT E-Books,66d81518b55b5fa936d790d5,https://testbook.com/hssc-jbt-prt-ebook-1,
RRB NTPC Marathi E-Books,66d8623ed58e7704f040f17a,https://testbook.com/rrb-ntpc-marathi-ebook-1,
AIBE Test Series,66d8659599443adfbbdb5f5d,https://testbook.com/aibe-mock-test,https://cdn.testbook.com/resources/productionimages/goal_images/66d8659599443adfbbdb5f5d_oct2024_1.png
HTET E-Books,66d94cb4c2434b4d8b6b67fb,https://testbook.com/htet-ebook-1,
NIACL AO,66daed51b16396dbb33c4180,https://testbook.com/niacl-ao,https://cdn.testbook.com/resources/productionimages/1920X966%20%2813%29_All_1725742412.png
OSSSC SSD Paper - 1,66daf79179e6b8b71535aaa4,https://testbook.com/osssc-ssd-paper1,https://cdn.testbook.com/resources/productionimages/goal_images/66daf79179e6b8b71535aaa4_oct2024_1.png
HTET TGT & PGT,66dafd019ee55a923cab302c,https://testbook.com/htet-tgt-pgt,https://cdn.testbook.com/resources/productionimages/goal_images/66dafd019ee55a923cab302c_oct2024_1.png
HTET TGT & PGT E-Books,66dc7b2cbfaa48635c0f8bf5,https://testbook.com/htet-tgt-pgt-ebook-1,
ECGC PO,66e04277980161b19d44eecc,https://testbook.com/ecgc-po,https://cdn.testbook.com/resources/productionimages/71_All_1731315289.png
AWES,66e05b85198b546af23e9ede,https://testbook.com/awes,https://cdn.testbook.com/resources/productionimages/1920X966_All_1726556883.png
AWES E-Books,66e1526468587dac03d4c5a6,https://testbook.com/awes-ebook-1,
UP Police SI,66e15a748554c1650a2e4ad7,https://testbook.com/up-si,https://cdn.testbook.com/resources/productionimages/66a0a677977113d7772ca0ec_oct2024_1%20%282%29_All_1743505334.jpg
ECGC PO E-Books,66e16d9ddd60c94cd2403ae5,https://testbook.com/ecgc-po-ebook-1,
UPSC (Prelims + Mains) Test Series,66ba0f61cee4954a565afc7c,https://testbook.com/upsc-test-series,
IBPS PO 30 Days Crash Course 2024,66e2e52986d069549e3d437b,https://testbook.com/ibps-po-crash-course,https:
Nirnay IAS 2026 - Hinglish Batch with Optional,66e922348a65d6a12849ef1a,https://testbook.com/upsc-cse-hinglish-2026-with-optional,https:
Nirnay IAS 2026 - Hinglish Batch,66e92d8c1efc521b8849c04b,https://testbook.com/upsc-cse-hinglish-2026-without-optional,https:
RRB NTPC Odia,66e936e7e1aee3172bc9f780,https://testbook.com/rrb-ntpc-odia,https://cdn.testbook.com/resources/productionimages/goal_images/66e936e7e1aee3172bc9f780_oct2024_1.png
Nirnay IAS 2026 - English (Night Batch),66e953b6c93163bef27f2fac,https://testbook.com/upsc-cse-english-2026,https:
Nirnay IAS 2026 - English (Night Batch) with Optional,66e958bd17e15d1ca4a4a7b7,https://testbook.com/upsc-cse-english-2026-with-optional,https:
Nirnay IAS 2026 - Hindi Batch,66ea7704eac8111a5317f409,https://testbook.com/upsc-cse-hindi-2026,https://cdn.testbook.com/resources/productionimages/New%20UI%20X%201920X966_All_1735288252.png
RRB NTPC Odia E-Books,66ea8afdbf6b9006b1856a02,https://testbook.com/rrb-ntpc-odia-ebook-1,
Nirnay IAS 2025 - Officers Batch - 3 (Hinglish),66ea8d1b1cc55609d8f3676d,https://testbook.com/upsc-cse-officers-hinglish-3,https:
IBPS PO 30 Days Crash Course 2024 E-Books,66ea8f61cd6824cd0d962f6b,https://testbook.com/ibps-po-crash-course-ebook-1,
Nirnay IAS 2025 - Officers Batch - 3 (Hinglish) With Optional,66ea9182b432ec6f3927029b,https://testbook.com/upsc-cse-hinglish-with-optional,https:
UP Lekhpal,66eadb6c55ee006b9a05f67e,https://testbook.com/up-lekhpal,https://cdn.testbook.com/resources/productionimages/goal_images/66eadb6c55ee006b9a05f67e_oct2024_1.png
Beta Pass Elite,66ebf946e2c0af247b3bb977,,
Judiciary Exam (Prelims +Mains),66ed314ddc3d5fbb7bb2952d,https://testbook.com/elite-test-goal1,
SSC CGL 2025 (Guaranteed Selection Program),66edbdc20b7ea7556074a7c6,https://testbook.com/ssc-cgl-2025,https:
Judiciary Foundation - Legends Batch,66f122ad83bc423e8dbbd621,https://testbook.com/judiciary-foundation-legends,https://cdn.testbook.com/resources/productionimages/goal_images/66f122ad83bc423e8dbbd621_oct2024_1.png
SSC CGL 2024: Tier 2 Crash Course,66f174b7b73a502569bbadf4,https://testbook.com/ssc-cgl-tier-2,https://cdn.testbook.com/resources/productionimages/1920X966%20%288%29_All_1727700281.png
PhD Mentorship & Guidance Program,66f2b9050715d70efdd6a509,https://testbook.com/phd-mentorship-guidance,https://cdn.testbook.com/resources/productionimages/63140b9349ab0db12bc4d973_oct2024%20%283%29_All_1730888011.png
Nirnay IAS - 2025 Officers Batch - 3 (Hindi),66f3b6cbdb7640f678fe2c83,https://testbook.com/upsc-cse-hindi-officers-3,https:
Nirnay IAS 2025 - Officers Batch - 3 (Hindi) With Optional,66f3bd5381aa54d66361ba5a,https://testbook.com/officers-3-hindi-with-optional,https:
CSIR NET Part A,66f3ceea35a8c8302a72785a,https://testbook.com/csir-net-part-a,https:
UPSC Mentorship Program By Ex-IRS Ravi Kapoor,66f7f0fdb7fca9313a4d5a3f,https://testbook.com/upsc-mentorship-by-ravi-kapoor,https://cdn.testbook.com/resources/productionimages/New%20UI%20X%201920X966%20%2818%29_All_1763888587.png
CAT & OMET Exams Test Series,66fc155043393d6ba9b5759f,https://testbook.com/cat-test-series,
Allahabad High Court Group C & D,66fe4fd705adc9ee640aa620,https://testbook.com/allahabad-high-court-group-c-d,https://cdn.testbook.com/resources/productionimages/goal_images/66fe4fd705adc9ee640aa620_oct2024_1.png
Allahabad High Court Group D,66fe4ffbf21a4d7d68e3baf9,https://testbook.com/allahabad-high-court-group-d,https://cdn.testbook.com/resources/productionimages/allahabad-high-court-office_All_1727938630.jpg
"Bank Apprentice, Group C & Group D Exams",66fea51b84ed1e905f61a539,https://testbook.com/all-bank-apprentice,https://cdn.testbook.com/resources/productionimages/1920X966%20%2815%29_All_1728297510.png
UPSC Beginners Program,66ff4fc773eac92dbc51176b,https://testbook.com/upsc-ncert-sutra,https://cdn.testbook.com/resources/productionimages/1920x966_All_1751453580.png
UGC NET (Paper 1 & Paper 2) Test Series,6700e20ae3841baccf213178,https://testbook.com/ugc-net-test-series,
CSIR NET Test Series,6700fb88d932217bd79eb5c7,https://testbook.com/csir-net-test-series,
Judiciary Foundation (Pre + Mains) Test Series,670121a5a4c1e1cb615097c4,https://testbook.com/judiciary-foundation-test-series,
"All Group C, D & Bank Apprentice Exams E-Books",670144adf0b38153004edf42,https://testbook.com/all-bank-apprentice-ebook-1,
Anthropology Optional (UPSC Mains) by Nikhil Parihar Sir (Recorded),6703917284386008e99b76fd,https://testbook.com/anthropology-optional-1,https://cdn.testbook.com/resources/productionimages/New%20UI%20X%201920X966%20%2815%29_All_1737542004.png
Anthropology Optional (UPSC Mains) by Nikhil Parihar Sir E-Books,670399de0ff27e2f151c0064,https://testbook.com/anthropology-optional-ebook-1,
Odisha LTR,67065be193a14c4628901024,https://testbook.com/odisha-ltr,https://cdn.testbook.com/resources/productionimages/goal_images/67065be193a14c4628901024_oct2024_1.png
MPSC Combined Group B & C 2024 (Prelims + Mains),6707aaf812f35d82ad1143fa,https://testbook.com/mpsc-combined-group-b-and-c-2024-2,https://cdn.testbook.com/resources/productionimages/goal_images/6707aaf812f35d82ad1143fa_oct2024_1.png
MPSC Combined Group C 2024 (Prelims + Mains),6707d89a32fb28ce8de51cfa,https://testbook.com/mpsc-combined-group-c,https://cdn.testbook.com/resources/productionimages/goal_images/6707d89a32fb28ce8de51cfa_oct2024_1.png
Odisha Super Pack,6708d9f086fa59800a311f56,https://testbook.com/odisha-super-pack,https://cdn.testbook.com/resources/productionimages/66a0a677977113d7772ca0ec_oct2024_1%20%285%29_All_1742228018.jpg
UGC NET/ SET Paper 1,6708dda9227d69f940ebf05e,https://testbook.com/ugc-net-paper-1-1,https:
Nirnay IAS - Books Combo,670d0d59c5bd711b8696b04f,https://testbook.com/upsc-books,https:
Descriptive Writing for All Banking & Insurance Exams,670fa16a138e75e8c66afe6d,https://testbook.com/descriptive-writing-for-all-banking-insurance-exam,https://cdn.testbook.com/resources/productionimages/27_All_1731314989.png
ICDS - एकात्मिक बाल विकास सेवा,6710bdbd8bacf2ca0c6480b9,https://testbook.com/icds-ekatmik-bal-vikas-seva,https:
BMC JE,671223ebb37aa632b6cb440e,https://testbook.com/bmc-je,https://cdn.testbook.com/resources/productionimages/6436666860ed48472e16a4bb_oct2024_1_All_1731932547.png
RRB JE CBT 1 Crash Course,67126781ec3eca23a702b4af,https://testbook.com/rrb-je-crash,https://cdn.testbook.com/resources/productionimages/_oct2024_1_All_1730967558.png
Odisha Police SI,671385f271be8163f50812b3,https://testbook.com/odisha-police-si,https://cdn.testbook.com/resources/productionimages/goal_images/671385f271be8163f50812b3_oct2024_1.png
NICL Assistant,67179e6eb54e6a6d085775e5,https://testbook.com/nicl-assistant,https://cdn.testbook.com/resources/productionimages/1920X966%20%281%29_All_1729609170.png
RPSC School Lecturer,671ccfe7c793c67336e890bf,https://testbook.com/rpsc-school-lecturer,https:
Nirnay IAS - Dummy Goal,672df387270846f0f7df2236,https://testbook.com/nirnay-dummy-goal,https:
UPSC Current Affairs Program (LIVE),673211685f2ac0b526af6d1e,https://testbook.com/upsc-current-affairs-previous,https:
IIT JEE & Engineering Entrance Exams,673340e7e96bfc5de999a82b,https://testbook.com/all-india-engineering-entrance-exams,
IIT JAM Test Series,67336ccc653e752083ea0c33,https://testbook.com/iit-jam-test-series,
Banking & Insurance Exams Foundation 2025-26,673478cc7054b3935c011b1d,https://testbook.com/banking-insurance-foundation-2025-26,https://cdn.testbook.com/resources/productionimages/1920X966%20%287%29_All_1731936093.png
SSC Quantitative Aptitude Foundation,6735cd270b3d5a5b8dd67f72,https://testbook.com/ssc-quant-foundation,https:
SSC English Foundation,6736f554d0c02fda3e8bceef,https://testbook.com/ssc-english-foundation-2025,https:
SSC General Intelligence and Reasoning Foundation,6737034915cd3f0ec3a72c36,https://testbook.com/ssc-reasoning-foundation,https:
SSC General Knowledge Foundation,67372970295228bac662b133,https://testbook.com/ssc-gk-foundation,https:
Rankers Test Topper,67372f326b6778795a637f2e,https://testbook.com/rankers-test-topper,https:
IBPS PO - Rankers Batch 2024,6738770be3f78bfa42db3336,https://testbook.com/banking-rankers-batch,https:
SSC MTS - Marathi E-Books,673b41da7b2fb7c2d52b4d8b,https://testbook.com/ssc-mts-marathi-ebook-1,
BMC + Maharashtra Mahanagar Palika Bharti E-Books,673b4209a3b49343cc205048,https://testbook.com/maharashtra-mahanagar-palika-bharti-ebook-1,
Allahabad High Court Group C & D E-Books,673b422a57e61829b8e74d09,https://testbook.com/allahabad-high-court-group-c-d-ebook-1,
Bihar Police Maha Pack E-Books,673b425ec52e585b06e1af08,https://testbook.com/bihar-police-mahapack-ebook-1,
OSSC CGL Mains E-Books,673b42ad4f009f8219589082,https://testbook.com/ossc-cgl-mains-ebook-1,
OSSC CGL (Pre + Mains) E-Books,673b437080cae036b37320bc,https://testbook.com/ossc-cgl-pre-mains-ebook-1,
OSSSC RI/AMIN Combo E-Books,673b4395c3b397840ec15b77,https://testbook.com/osssc-ri-amin-complete-syllabus-ebook-1,
OSSSC SSD Paper - 1 E-Books,673b43b9a568687dc582e85e,https://testbook.com/osssc-ssd-paper1-ebook-1,
Odisha LTR E-Books,673b43e2f45a4ba79ccfe61e,https://testbook.com/odisha-ltr-ebook-1,
OSSTET Mock Test Batch,673c3bf5fdddedb3105c7136,https://testbook.com/osstet-mock-test-batch,https://cdn.testbook.com/resources/productionimages/Vivek%20968x880%20%28725%20x%20290%20px%29_All_1732105082.png
SSC Foundation 2025 (VOD),673d87a56f8421511b1db0b6,https://testbook.com/ssc-foundation-2025,https://cdn.testbook.com/resources/productionimages/SSC%20FOUNDATION%202025%20%28VOD%29_All_1733299896.png
Banking & RBI Grade B Combo,67402fc977ec218ec9fa8cbc,https://testbook.com/banking-and-rbi-combo,https:
SSC CGL 2024 Rankers Batch by Testbook,6740870ef198bf1cf17ea359,https://testbook.com/ssc-cgl-ranker,https:
UPPSC AE - Civil - Mains,67457db5ccb32b68ed95d5c8,https://testbook.com/uppsc-ae-civil,https://cdn.testbook.com/resources/productionimages/UPPSC%20AE%20Retangle_All_1733916025.png
RPSC AE - Civil,67457dbed3c7f5f972e9e6db,https://testbook.com/rpsc-ae-civil,https://cdn.testbook.com/resources/productionimages/RPSC%20AE%20Retangle_All_1733916079.png
यशोदय MPSC Rajyseva 2025 (Integrated NCERT) Foundation Batch,6745d9165516bdfefb836e77,https://testbook.com/mpsc-2025,https://cdn.testbook.com/resources/productionimages/659e54a95a122e99228b1c1c_oct2024_1%20%285%29_All_1736603581.jpg
RSMSSB JE - Civil,6745de94f85c8c1fd8beac55,https://testbook.com/rsmssb-je,https:
NCERT Foundation Course for MPSC 2025,6746b8d974921f5d7647b2fd,https://testbook.com/ncert-foundation-for-mpsc,https:
SSC JE (Mechanical) Guaranteed Selection Program 2025,674704a98054a35c20cca899,https://testbook.com/ssc-je-mechanical-2025,https://cdn.testbook.com/resources/productionimages/66a0b75613ed6e2b7ec74237_oct2024_1%20%282%29_All_1747399811.png
RRB JE (Civil) Guaranteed Selection Program 2025,67470c90450b3120e5a8ac61,https://testbook.com/rrb-je-civil-2025,https://cdn.testbook.com/resources/productionimages/63e0f7325e91c4f659440d19_oct2024_1_All_1759180027.png
RRB JE (Electronics & CS ) Guaranteed Selection Program 2025,67470ed01d48a18232ba561a,https://testbook.com/rrb-je-electronics-2025,https://cdn.testbook.com/resources/productionimages/63e0f7325e91c4f659440d19_oct2024_1%20%283%29_All_1759180089.png
SSC JE (Civil) Guaranteed Selection Program 2025,6747113ce46bc622ac16f5d6,https://testbook.com/ssc-je-civil-2025,https://cdn.testbook.com/resources/productionimages/66a0b75613ed6e2b7ec74237_oct2024_1_All_1747399737.png
SSC JE (Electrical) Guaranteed Selection Program 2025,674711d332989d79edb564bf,https://testbook.com/ssc-je-electrical-2025,https://cdn.testbook.com/resources/productionimages/66a0b75613ed6e2b7ec74237_oct2024_1%20%281%29_All_1747399594.png
RRB JE (Mechanical) Guaranteed Selection Program 2025,674819a7d98e12ab4fbbadd3,https://testbook.com/rrb-je-mechanical-2025,https://cdn.testbook.com/resources/productionimages/63e0f7325e91c4f659440d19_oct2024_1%20%282%29_All_1759180069.png
RRB JE (Electrical) Guaranteed Selection Program 2025,674827ec660d9ddde534ccc4,https://testbook.com/rrb-je-electrical-2025,https://cdn.testbook.com/resources/productionimages/63e0f7325e91c4f659440d19_oct2024_1%20%281%29_All_1759180049.png
​UPSC CSE 2025 - Prelims Crash Course (Hinglish),67482fd618bb05b650438960,https://testbook.com/upsc-prelims-2025,https://cdn.testbook.com/resources/productionimages/New%20UI%20X%201920X966%20%285%29_All_1737534899.png
MPSC Combined B & C 2024 Live + Recorded (Prelims) Fastrack,674864f5d6b7922703355e9a,https://testbook.com/mpsc-combined-b-and-c-fastrack,https://cdn.testbook.com/resources/productionimages/66a0a677977113d7772ca0ec_oct2024_1_All_1735202487.jpg
UPSC CSE 2025 - Prelims Crash Course (Hindi),67497a6360c38b490379f723,https://testbook.com/upsc-prelims-hindi,https://cdn.testbook.com/resources/productionimages/New%20UI%20X%201920X966%20%286%29_All_1737535115.png
Nirnay IAS 2026 - Officers Batch (Hindi),674abc768a1c8ca93d700ea2,https://testbook.com/upsc-cse-2026-hindi-officers,https:
CAT & OMETs Superpack,674c808c9fd631edce5bfd2c,https://testbook.com/cat-exam,https://cdn.testbook.com/resources/productionimages/65f4339ed5493012cb890068_oct2024_1%20%286%29_All_1755071238.png
Nirnay IAS 2026 - Officers Batch (Hinglish),674d6ac97367815054c63c71,https://testbook.com/upsc-cse-2026-officers-hinglish,https:
Nirnay IAS 2026 - Officers Batch (Hinglish) with optional,674d70d2ba3d3728cd748709,https://testbook.com/upsc-cse-2026-officers-hinglish-with-optional,https:
RRB ALP CBT - 2,674d9c62c9879cdebfa62930,https://testbook.com/rrb-alp-cbt-2,https:
RRB JE Ranker's Batch,674da434f747e17e002091b5,https://testbook.com/rrb-je-rankers,https:
MAHA TAIT 2025,674da8703c4d6ff0ca8d9cc6,https://testbook.com/maha-tait,https://cdn.testbook.com/resources/productionimages/MAHA-TET-TAIT%20%281%29_All_1712215151_All_1733141284.jpg
Nirnay IAS 2026 - Officers Batch (English),674e0324759aee47bd589b00,https://testbook.com/upsc-cse-2026-officers-english,https:
Nirnay IAS 2026 - Officers Batch (English) with optional,674e0e96cf241454b154c1cc,https://testbook.com/upsc-cse-english-officers-2026,https:
CMAT 2025,674eccbeafe8131ac2e2ae73,https://testbook.com/cmat-2025,https://cdn.testbook.com/resources/productionimages/Untitled%20design%20%2815%29_All_1733321891.png
Judiciary Foundation - Super Selection Batch,67506c4098573040db8a076f,https://testbook.com/judiciary-foundation-super-selection,https:
RRB Group D Bengali,67515dfba7b08466edaf7eee,https://testbook.com/rrb-group-d-bengali,https://cdn.testbook.com/resources/productionimages/659e54a95a122e99228b1c1c_oct2024_1%20%286%29_All_1736751419.jpg
RRB Group D Marathi,6751793239f2d0d16a7007a1,https://testbook.com/rrb-group-d-marathi,https://cdn.testbook.com/resources/productionimages/66a0a677977113d7772ca0ec_oct2024_1%20%281%29_All_1735203059.jpg
All Railway Exams 2025,6752c049bd0827312d008ef1,https://testbook.com/all-railway-exams-2025,https://cdn.testbook.com/resources/productionimages/Hanshing%20Goal%20Card%20968x880%20%282%29_All_1728979173_All_1733475624.webp
RRB ALP (CBT 1 + CBT 2 + CBAT) 2025,6752e79b627ca451dc28fff5,https://testbook.com/rrb-alp,https://cdn.testbook.com/resources/productionimages/Vivek%201920x966_All_1746180334.png
SSC Foundation 2025 LIVE,675581e0f6085852331024f0,https://testbook.com/ssc-2025-foundation,https://cdn.testbook.com/resources/productionimages/SSC%20Foundation%20LIVE%20%281%29_All_1733916283.png
SSC CGL 2025 Live,6755859f43a694c1ca392fd5,https://testbook.com/ssc-cgl-new-2025,https:
Maths Special CGL Tier 2 By Abhinav Rajput,6755896d7a17c6242f64c563,https://testbook.com/cgl-tier-2-mains,https:
Supreme Court Sr. PA and PA,6756e7310bddc97fb5feb389,https://testbook.com/supreme-court-personal-assistant,https:
IIT JAM,675806d380b154a43bc64cd5,https://testbook.com/iit-jam,https://cdn.testbook.com/resources/productionimages/IIT%20JAM_All_1735033623.png
REET E-Books,6758158d637a483259cf5e46,https://testbook.com/reet-ebook-1,
UPPSC AE - Civil E-Books,675815b04522973e9234b911,https://testbook.com/uppsc-ae-civil-ebook-1,
CAT 2025: VARC,67584efb22982e7042d9c677,https://testbook.com/cat-varc-2025,https://cdn.testbook.com/resources/productionimages/5_All_1734771400.png
CAT 2025: Quantitative Aptitude,67593e40f618b90146199cd0,https://testbook.com/cat-quantitative-aptitude-2025,https://cdn.testbook.com/resources/productionimages/4_All_1734771254.png
MPPGCL JE - Electrical,6759529c35d5f2e22f5c432c,https://testbook.com/mppgcl-je-electrical,https:
Odia Computer Mastery,675956d4a7700c3a701e3085,https://testbook.com/odia-computer-mastery,https://cdn.testbook.com/resources/productionimages/659e54a95a122e99228b1c1c_oct2024_1%20%2811%29_All_1737528495.jpg
CAT 2025: DILR,6759612e4029158147cd5314,https://testbook.com/cat-dilr-2025,https://cdn.testbook.com/resources/productionimages/3_All_1734771209.png
MBA Plus: CAT & OMETs (2025),675a8324a7e3fdccad41736f,https://testbook.com/mba-plus-previous,https://cdn.testbook.com/resources/productionimages/65f4339ed5493012cb890068_oct2024_1%20%284%29_All_1755003782.png
Bihar DELED,675ae79deb88413e6bb8e53f,https://testbook.com/bihar-deled,https://cdn.testbook.com/resources/productionimages/659e54a95a122e99228b1c1c_oct2024_1%20%281%29_All_1734433954.png
MPPGCL Line Attendant,675bcb861677ccc78a3b59c1,https://testbook.com/mppgcl-line-attendant,https:
MPPGCL JE E-Books,675be78783f36bd5232238e6,https://testbook.com/mppgcl-junior-engineer-ebook-1,
NIRVANA HP Judiciary Prelims Batch,675d5fe052e565185d5d4c52,https://testbook.com/himachal-pradesh-judiciary,https:
CAT & OMETs Superpack  E-Books,675fd30a57415bae2e9d260a,https://testbook.com/mba-pro-2025-ebook-1,https:
Bihar Police Steno ASI,67602231d6e9a36c1af8caa0,https://testbook.com/bihar-police-steno-asi,https://cdn.testbook.com/resources/productionimages/6616981279ee288ce86199e4_oct2024_1_All_1734603944.jpg
CAT 2025: VARC E-Books,67602478ef825dd98b5656ad,https://testbook.com/cat-varc-2025-ebook-1,
CAT 2025: Quantitative Aptitude E-Books,67602492a2852d90595ad089,https://testbook.com/cat-quantitative-aptitude-2025-ebook-1,
CAT 2025: DILR E-Books,676024aec0c0b933fb3e403e,https://testbook.com/cat-dilr-2025-ebook-1,https:
SBI Clerk Veterans Live Batch,67611f4b749bdf862d19bfc1,https://testbook.com/sbi-clerk-veteran,https://cdn.testbook.com/resources/productionimages/1920X966%20%288%29_All_1734446848.png
Rajasthan Group D 2025,676132bad810636567abac0c,https://testbook.com/rajasthan-group-d,https://cdn.testbook.com/resources/productionimages/659e54a95a122e99228b1c1c_oct2024_1_All_1734519143.jpg
Assistant Professor / Lectureship (UGC),676147cc6d2773a437d5ac78,https://testbook.com/assistant-professor-lectureship-ugc,https://cdn.testbook.com/resources/productionimages/Assistant%20Professor_All_1734939030.png
SBI Clerk Bengali,676156d950b91e594e75c33d,https://testbook.com/sbi-clerk-bengali,https://cdn.testbook.com/resources/productionimages/659e8f26d5b724bd3cb03c7f_oct2024_1_All_1734595572.jpg
SBI Clerk Veterans Live Batch E-Books,676178698f3cb11947c02f41,https://testbook.com/sbi-clerk-veteran-ebook-1,
SBI Clerk Marathi,67618437c6cb662a078304a2,https://testbook.com/sbi-clerk-marathi,https://cdn.testbook.com/resources/productionimages/659e8f26d5b724bd3cb03c7f_oct2024_1_All_1734594841.png
Assistant Professor / Lecturership E-Books,6763bc166174d78473b1054e,https://testbook.com/assistant-professor-lecturership-ebook-1,https:
Nirnay IAS 2026 - Generic E-Books,6763fa2dccd5810e9962af08,https://testbook.com/upsc-cse-ebook-1,https:
Nirnay IAS 2026 - Without Optional E-Books,6763faf41fccbd1b74d2d13c,https://testbook.com/upsc-cse-2026-ebook-1,https:
Nirnay IAS 2026 - Hindi E-Books,6763fbd77a3468bbee88b5d3,https://testbook.com/upsc-cse-hindi-ebook-1,https:
​UPSC CSE 2025 - Prelims Crash Course E-Books,6763fcb255ec24ced8ad0b83,https://testbook.com/upsc-prelims-ebook-1,https:
RPSC Senior Teacher Grade II,6764f6a3e259eee554b99144,https://testbook.com/rpsc-senior-teacher-grade-ii,https:
UPPSC AE Stage I,676949ae61156bb164d229d6,https://testbook.com/uppsc-ae-stage-1,https://cdn.testbook.com/resources/productionimages/UPPSC%20AE%20Retangle%20%281%29_All_1735116439.png
CSIR NET/SET (Recorded Booster),6769500fee27d4429d81ccbb,https://testbook.com/csir-net-set-recorded,https://cdn.testbook.com/resources/productionimages/63140b9349ab0db12bc4d973_oct2024_All_1736237787.png
WBPSC Miscellaneous,676aadeaf6c6a4692a5fd70d,https://testbook.com/wbpsc-miscellaneous,https://cdn.testbook.com/resources/productionimages/66a0a677977113d7772ca0ec_oct2024_1_All_1740394396.jpg
Chhattisgarh Judiciary Prelims Batch,676d0ca6cb0e9cfcab143722,https://testbook.com/chhattisgarh-judiciary,https:
Odisha ASO,676d423ff30e411db051a9c7,https://testbook.com/odisha-aso,https://cdn.testbook.com/resources/productionimages/IIT%20JAM_All_1735222749.png
Chhattisgarh Judiciary Prelims Batch E-Books,676d4ebb8b6e89ca89d4d9c2,https://testbook.com/chhattisgarh-judiciary-ebook-1,
RBI Grade B (Phase I + Phase II + Descriptive),6772cc2ca57b17cb74774e1d,https://testbook.com/rbi-grade-b-test-series,
​MPTET शिक्षक भर्ती वर्ग 3 (चयन परीक्षा),67765226838826b084f4b402,https://testbook.com/mptet-varg-3-mains,https:
beta elite phase 2,6777b8ef01fc90ad626ce5ad,https://testbook.com/beta-elite-test series,
Nirnay IAS 2026 - Hinglish Batch - 2,6777cc9e61ced4cf5606d13b,https://testbook.com/upsc-cse-2026-2,https://cdn.testbook.com/resources/productionimages/New%20UI%20X%201920X966%20%282%29_All_1737533263.png
Nirnay IAS 2026 - Hinglish Batch - 2 with Optional,6777d5add88b310f44937b7c,https://testbook.com/upsc-cse-2-2026,https://cdn.testbook.com/resources/productionimages/New%20UI%20X%201920X966%20%283%29_All_1737533540.png
CTET 2025 : Paper 1,6777edebc2dad3c5d472a188,https://testbook.com/ctet-paper-1,https://cdn.testbook.com/resources/productionimages/IIT%20JAM_All_1747899352.png
CTET 2025 : Paper 2,6777f5b9877102457ccdf3cc,https://testbook.com/ctet-paper-2,https://cdn.testbook.com/resources/productionimages/IIT%20JAM%20%281%29_All_1747899423.png
CTET 2025 : Paper 1 & Paper 2,6777fad5d87ed1d4fdb50457,https://testbook.com/ctet,https://cdn.testbook.com/resources/productionimages/IIT%20JAM%20%282%29_All_1747899512.png
RSMSSB  Rajasthan Jail Prahari (Warden),677b75d88961a6958e8f026b,https://testbook.com/rsmssb-rajasthan-jail-prahari-warden,https://cdn.testbook.com/resources/productionimages/659e54a95a122e99228b1c1c_oct2024_1%20%281%29%20%281%29_All_1736429636.jpg
Nirnay IAS 2026 - English Batch - 2,677b88344f4f88d34816567f,https://testbook.com/upsc-cse-2026-english-2,https://cdn.testbook.com/resources/productionimages/New%20UI%20X%201920X966%20%281%29_All_1737533058.png
Nirnay IAS 2026 - English Batch - 2 with optional,677b91fa6d5316f844caa25f,https://testbook.com/upsc-cse-english-2-with-optional,https://cdn.testbook.com/resources/productionimages/New%20UI%20X%201920X966%20%284%29_All_1737533738.png
Nirnay IAS 2026 - Hindi Batch - 2,677baab5332a66d15727121f,https://testbook.com/upsc-cse-hindi-2026-2,https://cdn.testbook.com/resources/productionimages/New%20UI%20X%201920X966%20%287%29_All_1737535564.png
NABARD Grade A,677bb897723a14660aa9ebd6,https://testbook.com/nabard-grade-a-2025,https://cdn.testbook.com/resources/productionimages/70_All_1737018369.png
NEET UG 2026 Test Series,677bd60feddf4e6f6c3b3e36,https://testbook.com/neet-ug-test-series,
SEBI Grade A + RBI Grade B,677cec775d8f7459af19caef,https://testbook.com/sebi-rbi-grade-b-2025,https://cdn.testbook.com/resources/productionimages/83_All_1737018465.png
NABARD Grade A + RBI Grade B,677cf7dd3fcf7e8337add563,https://testbook.com/rbi-nabard-grade-a-2025,https://cdn.testbook.com/resources/productionimages/1920X966_All_1737018606.png
Bihar Civil Court Clerk Mains,677d19479710dfe22c7bb619,https://testbook.com/bihar-civil-court-clerk-mains,https:
Regulatory Body Exams Superpack,677d26874a13d531ed0580b8,https://testbook.com/nabard-sebi-rbi-2025,https://cdn.testbook.com/resources/productionimages/85_All_1737018673.png
CLAT UG 2026 Test Series,677e13c562ec8fdd448b1aed,https://testbook.com/clat-test-series,
Railway Teacher (PRT),677e21f888b851735dbaf7c5,https://testbook.com/railway-teacher-prt,https://cdn.testbook.com/resources/productionimages/1920X966_All_1736492022.png
Railway Teacher (TGT/PGT),677e24cd5c46513e559d5df4,https://testbook.com/railway-teacher-tgt-pgt,https://cdn.testbook.com/resources/productionimages/1920X966%20%281%29_All_1736492047.png
History Optional (MPSC Rajyaseva - 2025) by Vaibhav Raut Sir,677e6218a8914d01ec864a6d,https://testbook.com/history-optional-mpsc,https://cdn.testbook.com/resources/productionimages/659e54a95a122e99228b1c1c_oct2024_1_All_1736923895.jpg
RRB Group D Odia,677f70cabfc43f57f111889a,https://testbook.com/rrb-group-d-odia,https://cdn.testbook.com/resources/productionimages/659e54a95a122e99228b1c1c_oct2024_1%20%284%29_All_1736513274.jpg
Assistant Professor / Lecturership (Science),677f9f0afbacc84c620499c4,https://testbook.com/assistant-professor-lectureship-science,https://cdn.testbook.com/resources/productionimages/Assistant%20Professor%20Science%20%281%29_All_1737360279.png
Railway Teacher (PRT) E-Books,677ff17139469fd6dc2c67b4,https://testbook.com/railway-teacher-prt-ebook-1,
Railway Teacher (TGT/PGT) E-Books,677ff192e4ade53e3514eac4,https://testbook.com/railway-teacher-tgt-pgt-ebook-1,
PSIR Optional (MPSC Rajyaseva - 2025) by Sudhir Sir,6780ba9152e2f0337331d37e,https://testbook.com/psir-optional-mpsc,https://cdn.testbook.com/resources/productionimages/659e54a95a122e99228b1c1c_oct2024_1%20%282%29_All_1736923386.jpg
SBI Clerk 2024-25: All India Mock Tests & Live Analysis,6780d2ec18d9e3b484eb17f5,https://testbook.com/all-india-mock-test-analysis-sbi-clerk,https://cdn.testbook.com/resources/productionimages/63140b9349ab0db12bc4d973_oct2024%20%281%29_All_1736665242.png
Kerala Degree Level (Prelims),6780fcc7e92d22d981934755,https://testbook.com/kerala-degree-level-prelims,https://cdn.testbook.com/resources/productionimages/659e54a95a122e99228b1c1c_oct2024_1%20%287%29_All_1736770993.jpg
Ranker Banker SBI Clerk 2025 Test Series,67810210f5e8b76ae420820a,https://testbook.com/sbi-clerk-ranker,https://cdn.testbook.com/resources/productionimages/Screenshot%202025-01-10%20at%207.55.46%E2%80%AFPM_All_1736519202.png
SSC CGL Tier 2 Rankers Test Series 2024-25,6782262975dfddad67d6998b,https://testbook.com/ssc-cgl-rankers,https://cdn.testbook.com/resources/productionimages/Super%20S_All_1691654108_All_17187_All_1727096294_All_1736582385.webp
यशोदय MPSC Rajyseva 2026 (Integrated NCERT) Foundation Batch with optional,6783f749a25149583f3bb3d1,https://testbook.com/mpsc-2025-with-optional,https://cdn.testbook.com/resources/productionimages/New%20UI%20X%201920X966%20%2835%29_All_1758884238.png
Assistant Professor / Lecturership (Science) E-Books,6784b4cc89ca71979742dd9f,https://testbook.com/assistant-professor-lectureship-science-ebook-1,
DFCCIL MTS,6784f0af12aa7725e9914c33,https://testbook.com/dfccil-mts,https://cdn.testbook.com/resources/productionimages/DFCCIL_All_1736764199.jpg
Lekha Koshagar Bharati,6785206d0ec60889164862a7,https://testbook.com/lekha-koshagar,https://cdn.testbook.com/resources/productionimages/659e54a95a122e99228b1c1c_oct2024_1_All_1740042163.jpg
MAHCET 2025,67860f9bb4f8373423dd9591,https://testbook.com/mahcet,https://cdn.testbook.com/resources/productionimages/CAT%20%281280%20x%20720%20px%29%20Pratika%20%20%281%29_All_1738576464.png
History Optional (MPSC Rajyaseva - 2025)  E-Books,678669c7f85160bc5ac45ccd,https://testbook.com/history-optional-mpsc-ebook-1,https:
यशोदय MPSC Rajyseva 2025 (Integrated NCERT) Foundation Batch with optional E-Books,67866a1638f5644e45d4c860,https://testbook.com/mpsc-2025-with-optional-ebook-1,
PSIR Optional (MPSC Rajyaseva - 2025)  E-Books,678670d01779815474b64e39,https://testbook.com/psir-optional-mpsc-ebook-1,https:
UCO Bank (LBO) 2025,678911ec39888ddec1379761,https://testbook.com/uco-bank-lbo,https://cdn.testbook.com/resources/productionimages/1920X966_All_1737632748.png
NABARD Grade A E-Books,6789f68ce2e77188527bbdc6,https://testbook.com/nabard-grade-a-2025-ebook-1,
RBI Grade B + SEBI Grade A + NABARD Grade A E-Books,6789f71633d06b7a5c3ef4b7,https://testbook.com/nabard-sebi-rbi-2025-ebook-1,
SEBI Grade A + RBI Grade B E-Books,6789f7cb23a561441a46e035,https://testbook.com/sebi-rbi-grade-b-2025-ebook-1,
NABARD Grade A + RBI Grade B E-Books,6789f901e0218e091896385f,https://testbook.com/rbi-nabard-grade-a-2025-ebook-1,
DFCCIL MTS E-Books,678a4809032350408379b51d,https://testbook.com/dfccil-mts-ebook-1,
Odia Computer Mastery E-Books,678f83269f61f0789ca7752d,https://testbook.com/odia-computer-mastery-ebook-1,
SUPER SELECTION PACK,678f895bbf3adeef4909a78c,https://testbook.com/super-selection-pack,https://cdn.testbook.com/resources/productionimages/659e54a95a122e99228b1c1c_oct2024_1%20%2812%29_All_1737707937.jpg
SSC GD Constable (वर्दी की महापरीक्षा) 2025 Rankers Test Series,679218ffae22871f5a8bb978,https://testbook.com/ssc-gd-constable-ranker,https://cdn.testbook.com/resources/productionimages/84493492_All_1737627553.webp
KVS PRT 2025,6793378207d7d524f2364e72,https://testbook.com/kvs-prt,https:
SUPER SELECTION PACK E-Books,67934df6caf107c514e3917e,https://testbook.com/super-selection-pack-ebook-1,
UPSC CSE Prelims Selection Program (PSP)- 2025,6793973e62ed48c8eba4d75d,https://testbook.com/upsc-cse-100-days-plan,https://cdn.testbook.com/resources/productionimages/Course%20card%20Jugaad_All_1739859382.png
KVS PRT 2025 E-Books,67948a9c7558f1c47442c917,https://testbook.com/kvs-prt-ebook-1,
KVS TGT/PGT 2025,67975b3bcb82f6a3f5c41749,https://testbook.com/kvs-tgt-pgt,https:
UPSSSC Stenographer E-Books,67988498508f320e527f8c45,https://testbook.com/upsssc-stenographer-ebook-1,
Nirnay IAS 2026 - Hinglish Batch - 3 with Optional,6798ab6e3d8a732f6d195de0,https://testbook.com/upsc-cse-2026-batch-3-with-optional,https://cdn.testbook.com/resources/productionimages/Nirnay%20IAS%202026%20HINGLISH%20Batch%203%20with%20Optional_RECTANGLE_All_1741602074.png
Nirnay IAS 2026 - English Batch - 3 with optional,6799e3fc0e8fd7b648824338,https://testbook.com/upsc-cse-english-batch-3-optional,https://cdn.testbook.com/resources/productionimages/Nirnay%20IAS%202026%20ENGLISH%20Batch%203%20with%20Optional_RECTANGLE_All_1741602178.png
Kerala 10th Level Mains,679a105b2f9b2c099bd9edcf,https://testbook.com/kerala-10th-level-mains,https://cdn.testbook.com/resources/productionimages/659e54a95a122e99228b1c1c_oct2024_1%20%2814%29_All_1738330386.jpg
MPSC Combined Group B & C 2025 (Prelims + Mains),679a22f4f00b4cd93b9d3612,https://testbook.com/mpsc-combined-group-b-and-c,https://cdn.testbook.com/resources/productionimages/659e54a95a122e99228b1c1c_oct2024_1%20%2813%29_All_1738319482.jpg
UGC NET/SET & Assistant Professor/Lectureship (Combo),679b4d16d0b2507166523b4f,https://testbook.com/ugc-assistant-professor-combo,https://cdn.testbook.com/resources/productionimages/NABARD%20Grade%20A%20%281%29_All_1738234978.png
AFCAT 2025,679b844374ce667f33a0f3eb,https://testbook.com/afcat-2025,https:
CDS 2025,679c9e7a72edfa2a982752a3,https://testbook.com/cds-2025,https:
MPSC Combined Group B & C 2025 (Prelims + Mains) E-Books,679ca7e8d90ff6b189dc31e8,https://testbook.com/mpsc-combined-group-b-c-2025-ebook-1,
Complete Current Affairs for All Kerala Exams,679cb92dee3c3be05f69cbbb,https://testbook.com/complete-current-affairs-for-all-kerala-exams,https://cdn.testbook.com/resources/productionimages/659e54a95a122e99228b1c1c_oct2024_1%20%286%29_All_1741247569.jpg
Complete GK for All Kerala Exams,679cbaad37807ae4919b8fc4,https://testbook.com/complete-gk-for-all-kerala-exams,https://cdn.testbook.com/resources/productionimages/659e54a95a122e99228b1c1c_oct2024_1_All_1738750563.jpg
Kerala 10th Level Mains E-Books,679cc31aa0643fd07ae457bc,https://testbook.com/kerala-10th-level-mains-ebook-1,
Complete Malayalam for All Kerala Exams,67a069ffbbbfa96153675b44,https://testbook.com/complete-malayalam-for-all-kerala-exams,https://cdn.testbook.com/resources/productionimages/659e54a95a122e99228b1c1c_oct2024_1%20%283%29_All_1738750536.jpg
Gujarat Judiciary (Prelims+Mains) Batch,67a0b793572f0991445ffe1f,https://testbook.com/gujarat-judiciary,https:
Interview Guidance Program - IBPS PO 2024,67a0c4ed70270d726d422060,https://testbook.com/mock-interview-ibps-po-2024,https:
Gujarat Judiciary (Prelims+Mains) Batch E-Books,67a0d2011fd140b7979bb055,https://testbook.com/gujarat-judiciary-ebook-1,
Nirnay IAS 2026 - Hinglish Batch - 3,67a1c18246adb9e71a35322f,https://testbook.com/upsc-cse-2026-batch-3,https://cdn.testbook.com/resources/productionimages/Nirnay%20IAS%202026%20HINGLISH%20Batch%203_RECTANGLE_All_1741602082.png
Nirnay IAS 2026 - Hindi Batch - 3,67a1c78a1a4c4c54f3c9d1f9,https://testbook.com/upsc-cse-hindi-batch-3,https://cdn.testbook.com/resources/productionimages/Nirnay%20IAS%202026%20HINDI%20BATCH%203_RECTANGLE_All_1741602272.png
Nirnay IAS 2026 - English Batch - 3,67a1c931c9f7ea89d779ee0b,https://testbook.com/upsc-cse-2026-english-3,https://cdn.testbook.com/resources/productionimages/Nirnay%20IAS%202026%20ENGLISH%20Batch%203_RECTANGLE_All_1741602169.png
Complete GK for All Kerala Exams E-Books,67a3125d1934f3cacbacc1a7,https://testbook.com/complete-gk-for-all-kerala-exams-ebook-1,
Complete Current Affairs for All Kerala Exams E-Books,67a3195082b874b76f28ab16,https://testbook.com/complete-current-affairs-for-all-kerala-exams-ebook-1,
Complete Malayalam for All Kerala Exams E-Books,67a31c99bb113cdb50f07e0b,https://testbook.com/complete-malayalam-for-all-kerala-exams-ebook-1,
100 Days Targeted Prelims Program (TPP) - Free,67a4951416f9f95df3e7cd8d,https://testbook.com/upsc-cse-100-days-plan-tpp,https:
KVS TGT/PGT 2025 E-Books,67a49664e5878a7daa60cae8,https://testbook.com/kvs-tgt-pgt-ebook-1,
Nirnay IAS - 7 Day Live Free Access,67a5b38ff070154cb9725403,https://testbook.com/upsc-cse-7-day,https:
RRB JE Civil 2025,67a75fc0a566e570cdc9f6f0,https://testbook.com/rrb-je-civil-engineering,https://cdn.testbook.com/resources/productionimages/1920X966_All_1757491321.png
RRB JE Electronics & CS 2025,67a7ba259c1a87508166e6c2,https://testbook.com/rrb-je-electronics-cs-engineering,https://cdn.testbook.com/resources/productionimages/1920X966%20%283%29_All_1757491423.png
RRB JE Electrical 2025,67a8549764d728ba190b3ca5,https://testbook.com/rrb-je-electrical-engineering,https://cdn.testbook.com/resources/productionimages/1920X966%20%282%29_All_1757491387.png
RRB JE Mechanical 2025,67a8fe95d27e2eb757749add,https://testbook.com/rrb-je-mechanical-engineering,https://cdn.testbook.com/resources/productionimages/1920X966%20%281%29_All_1757491355.png
Nirnay IAS - 5 Day Live Free Access,67ac717f36c27e1d104b9f46,https://testbook.com/upsc-cse-5-day,https:
Judiciary Foundation Beginners Pack,67aef19b77dbb006ca5400f9,https://testbook.com/judiciary-foundation-3-day,https:
Anthropology Optional - UPSC Mains by Nikhil Parihar Sir (Recorded),67af5059b1b49d7a39abf12c,https://testbook.com/anthropology-optional,https:
Nirnay IAS 2026 - Hinglish Batch - 4,67b2d82930f3c2cea539e431,https://testbook.com/upsc-cse-batch-4,https://cdn.testbook.com/resources/productionimages/Goal%20Icon%20Rec%20Nirnay%20%283%29_All_1742283469.png
Nirnay IAS 2026 - Hinglish Batch - 4 with Optional,67b2dbc435dccde88aba1341,https://testbook.com/upsc-cse-2026-hinglish-4-with-optional,https://cdn.testbook.com/resources/productionimages/Goal%20Icon%20Rec%20Nirnay%20%284%29_All_1742283896.png
SBI PO 2024-25: All India Mock Tests & Live Analysis,67b2eb4a8486bcdc3db381da,https://testbook.com/all-india-mock-test-analysis-sbi-po,https://cdn.testbook.com/resources/productionimages/SBI%20PO%20-%20RECT_All_1739949192.png
Nirnay IAS 2026 - Lakshya Batch (English),67b47e1a34cd42a15685c2ac,https://testbook.com/lakshya-1-english,https://cdn.testbook.com/resources/productionimages/New%20UI%20X%201920X966%20%2816%29_All_1745585488.png
BPSC TRE 4.0 & 5.0 : PRT (1 - 5),67b487c4704527cf95c8cec7,https://testbook.com/bpsc-prt-teacher-1-5,https://cdn.testbook.com/resources/productionimages/65f41bb6b76e0ee1f9202301_oct2024_1_All_1739882477.webp
RPF Constable (Selection की शपथ) Ranker's Test Series,67b48816ceffa1193437b5f7,https://testbook.com/rpf-constable-ranker,https://cdn.testbook.com/resources/productionimages/indian-railways-logo-AF2FECA375-seeklogo.com_All_1739884083.png
BPSC TRE 4.0 & 5.0 : TGT (6 - 8),67b48d2f3fa15819319306b8,https://testbook.com/bpsc-tgt-teacher-6-8,https://cdn.testbook.com/resources/productionimages/Bihar%20Card_All_1739883814.webp
BPSC TRE 4.0 & 5.0 : TGT (9 - 10),67b49257b6c909a069fbda2b,https://testbook.com/bpsc-tgt-teacher-9-10,https://cdn.testbook.com/resources/productionimages/65f4339ed5493012cb890068_oct2024_1_All_1739886077.png
BPSC TRE 4.0 : General Paper,67b494e940fec4dbf5fa0894,https://testbook.com/bpsc-teacher-general-paper,https://cdn.testbook.com/resources/productionimages/1920X966_All_1740035981.png
BPSC TRE 4.0 & 5.0 : PGT (11 - 12),67b499df15312926a5f68494,https://testbook.com/bpsc-pgt-teacher-11-12,https://cdn.testbook.com/resources/productionimages/65f45e166750e1dbd625b425_oct2024_1_All_1739887636.png
Lekha Koshagar Bharati E-Books,67b5ad1d5421e4c7c457a8d5,https://testbook.com/lekha-koshagar-ebook-1,
Nirnay IAS 2026 - English Batch - 4 with Optional,67b5b78125dda7e3a919b39f,https://testbook.com/upsc-cse-2026-english-4-wo,https://cdn.testbook.com/resources/productionimages/Goal%20Icon%20Rec%20Nirnay%20%282%29_All_1742283177.png
BPSC TRE 4.0 & 5.0 : PRT (1 - 5) E-Books,67b5d114f436c0edeb984ea4,https://testbook.com/bpsc-prt-teacher-1-5-ebook-1,
BPSC TRE 4.0 & 5.0 : TGT (6 - 8) E-Books,67b5d1f4c316c3b7cb3ac578,https://testbook.com/bpsc-tgt-teacher-6-8-ebook-1,
BPSC TRE 4.0 & 5.0 : TGT (9 - 10) E-Books,67b5d2487306d27c401e9bb9,https://testbook.com/bpsc-tgt-teacher-9-10-ebook-1,
BPSC TRE 4.0 & 5.0 : PGT (11 - 12) E-Books,67b5d2994cbc5efba5577cf8,https://testbook.com/bpsc-pgt-teacher-11-12-ebook-1,
BPSC TRE 4.0 : General Paper E-Books,67b5d3d5ebb745b49eb64fb7,https://testbook.com/bpsc-teacher-general-paper-ebook-1,
CAT Courses,67b6cbbe1dbdf9fdfed82c3f,https://testbook.com/cat-prep,https://cdn.testbook.com/resources/productionimages/65f4339ed5493012cb890068_oct2024_1%20%285%29_All_1755071182.png
Odisha B.Ed,67b6e1142cd50157cb4474ab,https://testbook.com/odisha-b-ed,https://cdn.testbook.com/resources/productionimages/659e54a95a122e99228b1c1c_oct2024_1%20%283%29_All_1740132500.jpg
CUET UG 2026 Mock Test Series,67b718a4e884542267511de1,https://testbook.com/cuet-test-series,
Nirnay IAS 2026 - लक्ष्य Batch (Hindi),67b81cac380d82aa4bbf252a,https://testbook.com/lakshya-1-hindi,https://cdn.testbook.com/resources/productionimages/New%20UI%20X%201920X966%20%2816%29_All_1745584952.png
English Concept Booster - ଓଡ଼ିଶାରେ ପ୍ରଥମ ଥର ପାଇଁ,67b8269a140a5ae1dff4439d,https://testbook.com/english-capsule,https://cdn.testbook.com/resources/productionimages/659e54a95a122e99228b1c1c_oct2024_1%20%286%29_All_1740741581.jpg
Odisha B.Ed E-Books,67b854174f8218227bc802f5,https://testbook.com/odisha-b-ed-ebook-1,
West Bengal Co-Operative,67b86080f71faecf0e222525,https://testbook.com/west-bengal-co-operative,https://cdn.testbook.com/resources/productionimages/659e54a95a122e99228b1c1c_oct2024_1%20%285%29_All_1740200047.jpg
WBPSC IDO,67b879c29508192c475a3fd1,https://testbook.com/wbpsc-ido,https://cdn.testbook.com/resources/productionimages/659e54a95a122e99228b1c1c_oct2024_1_All_1740200083.jpg
WBPSC IDO E-Books,67b97ac2c621eb50a3e53108,https://testbook.com/wbpsc-ido-ebook-1,
West Bengal Co-Operative E-Books,67bc4eab2857a0331ae73980,https://testbook.com/west-bengal-co-operative-ebook-1,
RRB JE Civil E-Books,67bc85b9b06156ee910321b3,https://testbook.com/rrb-je-civil-engineering-ebook-1,
RRB JE Electrical E-Books,67bc86402c9b91d32fa5be4d,https://testbook.com/rrb-je-electrical-engineering-ebook-1,
RRB JE Mechanical E-Books,67bc86e24bba19d98b64fb06,https://testbook.com/rrb-je-mechanical-engineering-ebook-1,
RRB JE Electronics & CS E-Books,67bc8740d5d732d5e80f8e9c,https://testbook.com/rrb-je-electronics-cs-engineering-ebook-1,
Bank PO Super Pack,67c0544bce08f9fd4649973d,https://testbook.com/bank-po-superpack,https://cdn.testbook.com/resources/productionimages/64_All_1741604170.png
English Capsule (Odia) E-Books,67c17b87a17342686ed7402e,https://testbook.com/english-capsule-ebook-1,
Bank Clerk Super Pack,67c1995d1bbef12187ae9033,https://testbook.com/bank-clerk-superpack,https://cdn.testbook.com/resources/productionimages/65_All_1741604197.png
Rajasthan Judiciary Prelims Batch,67c57e5d95da4bd88adb63de,https://testbook.com/rajasthan-judiciary-prelims,https://cdn.testbook.com/resources/productionimages/rjs_All_1741010339.png
BHEL Supervisor Trainee,67c6ed29b3e8ea6a0a8a1eaa,https://testbook.com/bhel-supervisor-trainee,https://cdn.testbook.com/resources/productionimages/1000057063_All_1741089030.png
SSC Foundation Bangla,67c852a6cd3f1eb877b92d02,https://testbook.com/ssc-foundation-bangla,https://cdn.testbook.com/resources/productionimages/66a0a677977113d7772ca0ec_oct2024_1%20%282%29_All_1741680696.jpg
RRB JE 2025 (Electronics & CS) CBT - 2,67c95c8ae81fd6406c27734b,https://testbook.com/rrb-je-electronics-cs-cbt-2,https://cdn.testbook.com/resources/productionimages/66a0b75613ed6e2b7ec74237_oct2024_1%20%284%29_All_1741339465.png
RRB JE 2025 (Electrical) CBT - 2,67c961af2eb17592cc2f476e,https://testbook.com/rrb-je-electrical-engineering-cbt-2,https://cdn.testbook.com/resources/productionimages/66a0b75613ed6e2b7ec74237_oct2024_1%20%282%29_All_1741339381.png
UP TGT/PGT Practice Batch,67c963777dcf37e20b8e0f57,https://testbook.com/up-tgt-pgt-practice-batch,https://cdn.testbook.com/resources/productionimages/651d6dba3fd59bb226c6c0d7_oct2024_1_All_1741250551.webp
RRB JE 2025 (Mechanical) CBT - 2,67c987108017bdef99361c1f,https://testbook.com/rrb-je-mechanical-cbt-2,https://cdn.testbook.com/resources/productionimages/66a0b75613ed6e2b7ec74237_oct2024_1%20%283%29_All_1741339425.png
RRB JE 2025 (Civil) CBT - 2,67c98ae5076d253ede9331df,https://testbook.com/rrb-je-civil-engineering-cbt-2,https://cdn.testbook.com/resources/productionimages/66a0b75613ed6e2b7ec74237_oct2024_1_All_1741339339.png
RRB JE (Civil) CBT - 2 E-Books,67ca853eb496f3d65cbc0caa,https://testbook.com/rrb-je-civil-engineering-cbt-2-ebook-1,
RRB JE (Mechanical) CBT - 2 E-Books,67ca85a30b784aa21e69af04,https://testbook.com/rrb-je-mechanical-cbt-2-ebook-1,
RRB JE (Electrical) CBT - 2 E-Books,67ca85fd627db46d7080e1d6,https://testbook.com/rrb-je-electrical-engineering-cbt-2-ebook-1,
RRB JE (Electronics & CS) CBT - 2 E-Books,67ca86581b107d1f2291cd86,https://testbook.com/rrb-je-electronics-cs-cbt-2-ebook-1,
SSC Foundation Bangla E-Books,67cff3012b47eae14f650352,https://testbook.com/ssc-foundation-bangla-ebook-1,
Bihar Police Constable 2025,67cff675bb4ac851a7513998,https://testbook.com/bihar-police-constable-2025,https://cdn.testbook.com/resources/productionimages/66a0a677977113d7772ca0ec_oct2024_1%20%283%29_All_1741699239.jpg
BPSC TRE 4.0 Computer Science,67d01f3d216e4f8fb7828b97,https://testbook.com/bpsc-tre-computer-science,https://cdn.testbook.com/resources/productionimages/65f45e166750e1dbd625b425_oct2024_1_All_1741692085.png
Bihar Police Constable 2025 E-Books,67d0343438295bab85312e61,https://testbook.com/bihar-police-constable-2025-ebook-1,
BSSC Statistical Officer,67d164549ac03382e05aa559,https://testbook.com/bssc-sso,https://cdn.testbook.com/resources/productionimages/66a0a677977113d7772ca0ec_oct2024_1%20%284%29_All_1742227542.jpg
SSC JE (Civil) Guaranteed Selection Program 2025 E-Books,67d167ea1ea607ada255d0ca,https://testbook.com/ssc-je-civil-2025-ebook-1,
SSC JE (Electrical) Guaranteed Selection Program 2025 E-Books,67d16834fa7674e0ad8bface,https://testbook.com/ssc-je-electrical-2025-ebook-1,
SSC JE (Mechanical) Guaranteed Selection Program 2025 E-Books,67d168739ed5bf655b88cbcc,https://testbook.com/ssc-je-mechanical-2025-ebook-1,
BSSC Statistical Officer E-Books,67d299cda67519fd840ad57b,https://testbook.com/bssc-sso-ebook-1,
SSC Stenographer Hindi Shorthand,67d7fdfa50cde4e0f4f37c97,https://testbook.com/ssc-steno-hindi-shorthand,https://cdn.testbook.com/resources/productionimages/64cba5e97ebc1ac84a6880c4_All_1742208313.png
JKSSB JE Electrical,67d80e01051e9760801d464d,https://testbook.com/jkssb-je-electrical,https://cdn.testbook.com/resources/productionimages/66a0b75613ed6e2b7ec74237_oct2024_1_All_1742495159.png
JKSSB JE Electrical E-Books,67dbcdbbe1e1f34e1c99b3a3,https://testbook.com/jkssb-je-electrical-ebook-1,
MPSC Group B & C 2025 “शून्यातून स्वराज्य” (GS by Kapil Kalkekar Sir),67dbd276f325c508490b1dd6,https://testbook.com/mpsc-group-b-and-c-2025-by-kapil-kalkekar-sir,https://cdn.testbook.com/resources/productionimages/659e54a95a122e99228b1c1c_oct2024_1%20%287%29_All_1742557563.jpg
OMETs Courses,67dbde638a40f22859af3b0a,https://testbook.com/omets-prep,https://cdn.testbook.com/resources/productionimages/65f4339ed5493012cb890068_oct2024_1%20%287%29_All_1755158764.png
MPSC Group: B & C 2025 “शून्यातून स्वराज्य” E-Books,67dd3475a1964e148fe9f65e,https://testbook.com/mpsc-combined-group-b-and-c-2025-ebook-1,
Judiciary Foundation - Judge Maker Batch,67dd383e646002041c242b8c,https://testbook.com/judiciary-foundation-previous,https:
CSIR JSA,67dd54188d048ae37d207be1,https://testbook.com/csir-jsa,https://cdn.testbook.com/resources/productionimages/66a0a677977113d7772ca0ec_oct2024_1%20%286%29_All_1742798647.jpg
SBI Mains GA/CA Capsule 2024-25,67de7da3a0f0d528f74e4b2f,https://testbook.com/sbi-clerk-po-mains-ga-ca-batch,https://cdn.testbook.com/resources/productionimages/1920X966%20%281%29_All_1742902483.png
SEBI Grade A 2025 (General & Legal Stream),67de95a03e1a73b2b7f06d91,https://testbook.com/sebi-grade-a-2025,https://cdn.testbook.com/resources/productionimages/Untitled%20design%20%2835%29_All_1760098630.png
CSIR JSA E-Books,67dea2ba028d9438863eb6f0,https://testbook.com/csir-jsa-ebook-1,
SBI Mains Critical Reasoning Capsule 2024-25,67e3dc036223c097eea22d65,https://testbook.com/sbi-clerk-po-mains-reasoning-batch,https://cdn.testbook.com/resources/productionimages/1920X966%20%282%29_All_1743001077.png
UKPSC JE,67e5a187cf9e39cb2f6070e1,https://testbook.com/ukpsc-je,https://cdn.testbook.com/resources/productionimages/629f359f7c4c3d752a464f86_oct2024_1_All_1743101482.png
ഗോപുരം: Devaswom Board LDC,67eb92566df624aeb8048723,https://testbook.com/kerala-devaswom-board-ldc,https://cdn.testbook.com/resources/productionimages/66a0a677977113d7772ca0ec_oct2024_1%20%284%29_All_1743844596.jpg
CUET UG,67ebd2592fb92b93f250a494,https://testbook.com/cuet-ug,https://cdn.testbook.com/resources/productionimages/IIT%20JAM_All_1744291934.png
കാക്കി: Civil Excise Officer (CEO),67ebd43234a381d44dd00b32,https://testbook.com/civil-excise-officer-ceo,https://cdn.testbook.com/resources/productionimages/66a0a677977113d7772ca0ec_oct2024_1%20%283%29_All_1743844558.jpg
Maths Mastery for All SSC Exams,67ebe7e1cb4633256ff00b90,https://testbook.com/all-ssc-maths,https://cdn.testbook.com/resources/productionimages/Vivek%201920x966%20%282%29_All_1746180008.jpg
ബറ്റാലിയൻ: Civil Police Officer (CPO),67ebef5f1bb0a90319b741c4,https://testbook.com/kerala-civil-police-officer-cpo,https://cdn.testbook.com/resources/productionimages/66a0a677977113d7772ca0ec_oct2024_1%20%282%29_All_1743844525.jpg
തീപ്പൊരി: Fireman,67ecd2349cd301b5a8cf442c,https://testbook.com/kerala-fireman,https://cdn.testbook.com/resources/productionimages/66a0a677977113d7772ca0ec_oct2024_1_All_1743844493.jpg
RRB JE (CBT - 1),67ecf9d6270d7abade5549f1,https://testbook.com/rrb-je-cbt-1,https://cdn.testbook.com/resources/productionimages/Untitled%20design%20%2812%29_All_1747832283.png
RRB ALP (CBT 1) 2025,67f623bb325f78af583fe907,https://testbook.com/rrb-alp-cbt1-2025,https://cdn.testbook.com/resources/productionimages/Vivek%201920x966_All_1746179747.jpg
Defence Super Pack Bengali,67f6832325739cdcb008d0ff,https://testbook.com/agniveer-army-bengali,https://cdn.testbook.com/resources/productionimages/AG%20BENGALI%202;H_All_1744274153.jpg
Bengal Tiger 2.0 Sure Selection,67f767147590cdde1326a5ed,https://testbook.com/west-bengal-all-exams,https://cdn.testbook.com/resources/productionimages/BENGAL%20TIGER%202.0000_All_1744638411.jpg
Agniveer Army Bengali E-Books,67f7a3a99d8a317490227ae9,https://testbook.com/agniveer-army-bengali-ebook-1,
Nirnay IAS 2026 - Lakshya Batch (Hinglish),6800af4322cfc5b7256919fc,https://testbook.com/lakshya-hinglish-1,https://cdn.testbook.com/resources/productionimages/New%20UI%20X%201920X966%20%2817%29_All_1745585457.png
Judiciary Super Pack,6803728d0011d15383f86923,https://testbook.com/judiciary-foundation,https://cdn.testbook.com/resources/productionimages/Super%20Pacl_All_1755159749.png
CUET PG,680733239aaa054b392b1fe7,https://testbook.com/cuet-pg,https://cdn.testbook.com/resources/productionimages/IIT%20JAM_All_1745400137.png
Reasoning Foundation Course for all Banking & Insurance Exams 2025,6808a7feae65a85d61f25113,https://testbook.com/reasoning-foundation-bank-2025,https://cdn.testbook.com/resources/productionimages/1920X966%20%281%29_All_1750223307.png
Quantitative Aptitude Foundation Course for all Banking & Insurance Exams 2025,6808a93c4c781dda5c47a9e3,https://testbook.com/quant-foundation-bank-2025,https:
नोंदणी व मुद्रांक विभाग शिपाई भरती,6808b629ba13a0c4b3fe39c3,https://testbook.com/nondani-v-mudrank-shipai-bharati,https://cdn.testbook.com/resources/productionimages/2RGEBTRN_All_1745484061.jpg
One Stop Solution for All SSC PYQ,6808c16edfca3c8e1374597f,https://testbook.com/solution-all-ssc-pyq,https://cdn.testbook.com/resources/productionimages/Vivek%201920x966%20%281%29_All_1746179886.jpg
BPSC Assistant Revenue & Accounts Officer,6809d09793d7711abde256ae,https://testbook.com/bpsc-aro-2025,https://cdn.testbook.com/resources/productionimages/3BGFH%20%20NH%20%281%29_All_1745564632.jpg
OSSSC RI ARI AMIN SFS & ICDS (Mains) - 2025,6809d4d5ab490fd14ea2a8dc,https://testbook.com/osssc-ri-amin-mains,https://cdn.testbook.com/resources/productionimages/1KIHER_All_1745483998.jpg
नोंदणी व मुद्रांक विभाग शिपाई भरती E-Books,6809f2b16562d209a5e6f489,https://testbook.com/nondani-v-mudrank-shipai-bharati-ebook-1,
RRB ALP Bengali CBT - 1 + CBT - 2 (Part A),680a22a5c26f534d3d04c1e0,https://testbook.com/rrb-alp-bengali-2025,https://cdn.testbook.com/resources/productionimages/RRB%20ALP%20Bengali%20%20LANDSCAPE_All_1745655684.jpg
Agniveer Army Marathi,680a231d64f6d3f5c8137abb,https://testbook.com/agniveer-army-marathi,https://cdn.testbook.com/resources/productionimages/Agniveer%20%20Army%20MARATHILANDSCAPE_All_1745655658.jpg
वनरक्षक भरती 2025,680a25cdf90bebb89b95e92e,https://testbook.com/vanrakshak-bharti-2025,https://cdn.testbook.com/resources/productionimages/%E0%A4%B5%E0%A4%A8%E0%A4%B0%E0%A4%95%E0%A5%8D%E0%A4%B7%E0%A4%95%20%E0%A4%AD%E0%A4%B0%E0%A4%A4%E0%A5%80%202025%20LANDSCAPE_All_1745655631.jpg
OSSSC RI ARI AMIN SFS & ICDS (Mains) - 2025 E-Books,680a31c138ad5a3543a07f26,https://testbook.com/osssc-ri-amin-mains-ebook-1,
BPSC Assistant Revenue & Accounts Officer E-Books,680b349119bb56adcfc4a2c5,https://testbook.com/bpsc-aro-2025-ebook-1,
JKSSB JE Civil,680b5f45ddccac98df8fc86c,https://testbook.com/jkssb-je-civil,https://cdn.testbook.com/resources/productionimages/66a0b75613ed6e2b7ec74237_oct2024_1%20%281%29_All_1746177855.png
Agniveer Army Marathi E-Books,680b683c30f36ab47e44c1ad,https://testbook.com/agniveer-army-marathi-ebook-1,
वनरक्षक भरती 2025 E-Books,680b752436039748c92a8bae,https://testbook.com/vanrakshak-bharti-2025-ebook-1,
CBI Credit Officer Interview Guidance & Mock Interviews 2025,680b81f004991d59e7d9678e,https://testbook.com/interview-guidance-bank-2025,https:
RRB ALP Bengali CBT - 1 + CBT - 2 (Part A) E-Books,680cb0bbd7f3fd5b407e08cd,https://testbook.com/rrb-alp-bengali-2025-ebook-1,
HDFC গাইডেন্স,68132d6ae576b877af82d50f,https://testbook.com/hdfc-bank-interview-guidance,https://cdn.testbook.com/resources/productionimages/L%20HJDFC%20_All_1746090690.jpg
BPSC AE Civil E-Books,681347717425e44b9c57a244,https://testbook.com/bpsc-ae-civil-engineer-ebook-1,
Master Indian and World Geography Through Maps,68149e1874cb6ff8f6c8fd1e,https://testbook.com/geography-through-maps,https://cdn.testbook.com/resources/productionimages/Course%20card%20Jugaad%20%283%29_All_1746179472.png
UKPSC JE E-Books,6817249a0134f1097c922ea7,https://testbook.com/ukpsc-je-ebook-1,
Assistant Professor/Lecturership Test Series (UGC),6818bb95a4d29bc55a9946d6,https://testbook.com/assistant-professor-lecturership-testseries,https://cdn.testbook.com/resources/productionimages/AP%20Test%20Series_All_1746517669.png
Bank of Baroda Office Assistant (Peon) 2025,6819dc7a9b4634e6d3a52315,https://testbook.com/bank-of-baroda-peon,https:
Current Affairs Add-on,681a17d6db13ee768a8ee08d,https://testbook.com/current-affairs-add-on,https://cdn.testbook.com/resources/productionimages/Add%20on%20main_All_1746539618.png
BSSC CGL 4 E-Books,681b2fd34b359ef3ed157ec6,https://testbook.com/bssc-cgl-new-ebook-1,
BSSC Field Assistant,681b3d93e5d34124fe805547,https://testbook.com/bssc-field-assistant,https://cdn.testbook.com/resources/productionimages/BSSC%20Field%20Assistan%20%20%20LANDSCAPE%20t_All_1746786543.jpg
Food Corporation of India,681b6c6802e45cc43c134df0,https://testbook.com/fci-ag3,https:
"SBI PO GD, GE & Mock Interview Guidance Program",681c42a0fbbfb1197b4db71d,https://testbook.com/sbi-po-ge-gd-mock-interview,https:
BSSC Field Assistant E-Books,681c79d5e93942d864c6deaa,https://testbook.com/bssc-field-assistant-ebook-1,
SSC Foundation Marathi,681da6e0739f99d15b0ec35f,https://testbook.com/ssc-foundation-marathi,https://cdn.testbook.com/resources/productionimages/ssssssssssssscccccccccccccmaratjh%20%20%20LANDSCAPE%20t_All_1747388133.jpg
SSC Foundation Marathi E-Books,681f149888ab67a302620059,https://testbook.com/ssc-foundation-marathi-ebook-1,
JKSSB JE Civil E-Books,6821a57034aed44d8b5bbba9,https://testbook.com/jkssb-je-civil-ebook-1,
Judiciary Foundation Beginners Pack E-Books,6821a773b8b69ab7c18e9ffc,https://testbook.com/judiciary-foundation-3-day-ebook-1,
AIBE - Live Batch,6821de60926df93cf058a523,https://testbook.com/aibe,https://cdn.testbook.com/resources/productionimages/_Course%20card%20Judiciary%20%283%29_All_1747048412.png
21 Days Plan Habit Forming Challenge,68230032ddd48256d52d47ef,https://testbook.com/21-days-plan,https://cdn.testbook.com/resources/productionimages/21%20day_All_1747126091.png
Mock Improvement Plan,682301e09570fc779cb56842,https://testbook.com/mock-improvement,https://cdn.testbook.com/resources/productionimages/Mock%20Improvement_All_1747308916.png
Operation NTPC (Marathi) 2025,682303a0948e9363d81d1829,https://testbook.com/rrb-ntpc-marathi-operation,https://cdn.testbook.com/resources/productionimages/3%20MH%20LANDSCAPE_All_1747230778.jpg
Operation NTPC (Bangla) 2025,68230ac5e9d6990793b7bc21,https://testbook.com/rrb-ntpc-bangla-operation,https://cdn.testbook.com/resources/productionimages/2%20NTPC%20BENGALI%20LANDSCAPE_All_1747230822.jpg
Ultimate Prep Bundle,68231e5c7383e2078e58197b,https://testbook.com/ultimate-prep-bundle,https://cdn.testbook.com/resources/productionimages/uti%201_All_1747308814.png
Operation NTPC 2025,68231ea30d919ca40bb183f3,https://testbook.com/rrb-ntpc-1,https://cdn.testbook.com/resources/productionimages/1%20NTPC%20%20LANDSCAPE_All_1747230854.jpg
Mock Improvement Plan + 21 Days Habit Challenge,682325783362b30322db16d9,https://testbook.com/exam-essentials,https://cdn.testbook.com/resources/productionimages/Screenshot%202025-05-14%20155905_All_1747218674.png
UP LT Grade,68232727ef9f36f129819c81,https://testbook.com/up-lt-grade,https:
Operation NTPC (Bangla) E-Books,68233473b4fe2034952359e2,https://testbook.com/rrb-ntpc-bangla-operation-ebook-1,
Operation NTPC (Marathi) E-Books,68233535a2bdbff3732f8d7c,https://testbook.com/rrb-ntpc-marathi-operation-ebook-1,
SSC Stenographer 2025,68258e418b3c22068b179095,https://testbook.com/ssc-stenographer-2025,https://cdn.testbook.com/resources/productionimages/ssc%20boihar%20LANDSCAPE_All_1747489976.png
MPSC Combined Mains Batch 2024,68270ef2645ece7d03f71655,https://testbook.com/mpsc-combined-mains,https://cdn.testbook.com/resources/productionimages/659e54a95a122e99228b1c1c_oct2024_1_All_1748009126.png
RRB NTPC Mock Test Batch (Marathi),68271c262514534a1a4a74e2,https://testbook.com/rrb-ntpc-mock-test,https://cdn.testbook.com/resources/productionimages/3%20MH%20LANDSCAPE_All_1747816715.png
All States Comprehensive Batch for Judiciary Exams,6827350d09322d611f3a10c6,https://testbook.com/all-state-judiciary-batch,https://cdn.testbook.com/resources/productionimages/Nirnay%20IAS%202025%20%28Hindi%29%20%E0%A4%B8%E0%A5%81%E0%A4%AA%E0%A4%B0%E0%A4%AE%E0%A5%87%E0%A4%82%E0%A4%9F%E0%A4%B0%20%E0%A4%A6%E0%A5%8D%E0%A4%B5%E0%A4%BE%E0%A4%B0%20%E0%A4%AE%E0%A4%BE%E0%A4%B0%E0%A5%8D%E0%A4%97%E0%A4%A6%E0%A4%B0%E0%A5%8D%E0%A4%B6%E0%A4%A8%20%E0%A4%B8%E0%A4%A4%E0%A5%8D%E0%A4%B0%20%289%29_All_1747641478.png
One Day Batch for MPSC Group B & C,682ac68f242ad6ccdfce4b5d,https://testbook.com/one-day-mpsc-combined-polity,https://cdn.testbook.com/resources/productionimages/MPSC%20Rajyseva%20Current%20Affairs%202025%20%281%29_All_1747636494.png
UP Teaching Super Pack,682b36f1c5834f2af551c590,https://testbook.com/up-teaching-super-pack,https:
SSC MTS 2025,682b3ba82ad0f413d97bd3e1,https://testbook.com/ssc-mts-2025,https://cdn.testbook.com/resources/productionimages/ssc%20boihar%20LANDSCAPE_All_1747807696.png
Judiciary Triathlon Kit,682c2359005e42b443fa1399,https://testbook.com/judiciary-trithlon-kit,https://cdn.testbook.com/resources/productionimages/968x880%20%2821%29_All_1754035839.png
Odisha High Court ASO Mains,682c278e1bff0a416ad6eed0,https://testbook.com/odisha-high-court-mains,https://cdn.testbook.com/resources/productionimages/OPSC%20%20LANDSCAPE_All_1747727766.png
Bombay High Court Clerk 2025,682c5892306aa9ed91e2c34e,https://testbook.com/bombay-high-court-clerk,https://cdn.testbook.com/resources/productionimages/mh%20%20LANDSCAPE_All_1747816343.png
Bombay High Court Clerk 2025 E-Books,682c692cbbb646a95cef392a,https://testbook.com/bombay-high-court-clerk-ebook-1,
UP Teaching Super Pack E-Books,682c6c8a9281043715477322,https://testbook.com/up-teaching-super-pack-ebook-1,
RRB ALP CBAT (PSYCHOMETRIC TEST),682c798df5c5b278f8a6dd9e,https://testbook.com/rrb-alp-cbat,https://cdn.testbook.com/resources/productionimages/wb%20%20LANDSCAPE%20%281%29_All_1748083740.png
RRB JE (CBT - 1) E-Books,682da0922b9d57db4fbb822a,https://testbook.com/rrb-je-cbt-1-ebook-1,
English Foundation Batch for All Bank & Insurance Exams 2025,682ee28575c20252e5e41595,https://testbook.com/bank-english-foundation-2025,https://cdn.testbook.com/resources/productionimages/1920X966_All_1750139452.png
GA/CA Foundation Batch for All Bank & Insurance Exams 2025,682ef9e514145b22eed0e4f4,https://testbook.com/bank-ga-ca-foundation-2025,https:
Nirnay IAS 2026 - Lakshya Batch - 2 (Hinglish),682f0019b9674b4fa8e32a6d,https://testbook.com/upsc-cse-lakshya-2,https://cdn.testbook.com/resources/productionimages/New%20UI%20X%201920X966%20%282%29_All_1748345675.png
MPSC Combined B & C (Pre + Mains) 2025,683021076375345f320e8989,https://testbook.com/mpsc-combined-group-b-and-c-2025,https://cdn.testbook.com/resources/productionimages/mh%20%20LANDSCAPE_All_1748006912.png
Bihar STET: General Paper,68305f8ca6f2ba10cbb9ca63,https://testbook.com/bihar-stet-general-paper,https:
WB SSC Group C & D 2025,68306c18b9473b06b5700f9e,https://testbook.com/west-bengal-ssc-group-c-d-2025,https:
Nirnay IAS - Mains Sutra Program (MSP),68313700a7b1dc0fb6dcb099,https://testbook.com/mains-sutra-program,https://cdn.testbook.com/resources/productionimages/New%20UI%20X%201920X966%20%285%29_All_1748419399.png
Nirnay IAS - Mains Sutra Program Plus (MSP+),68313a8e2f6118fd00a5d8fb,https://testbook.com/mains-sutra-program-plus,https://cdn.testbook.com/resources/productionimages/New%20UI%20X%201920X966%20%284%29_All_1748419433.png
AAI ATC Selection Kit,68317ec7b796995b4a8c46d9,https://testbook.com/aai-atc-selection-kit,https://cdn.testbook.com/resources/productionimages/62baa814496b8f447cc552c4_oct2024_1_All_1748350837.png
WB SSC Group C & D E-Books,68319f436342bb463714f7c9,https://testbook.com/wb-ssc-group-c-d-ebook-1,
यशोदय MPSC Rajyseva 2026 (Integrated NCERT) Batch,68340bdfa899a3ac86ed7734,https://testbook.com/mpsc-2026,https://cdn.testbook.com/resources/productionimages/20206%20LAND_All_1748431258.png
AAI ATC Selection Kit E-Books,68341cbef283e77a423498fc,https://testbook.com/aai-atc-selection-kit-ebook-1,
WB Upper Primary TET,6834506a72f6fd196a1eb9f1,https://testbook.com/wb-upper-primary-tet,https://cdn.testbook.com/resources/productionimages/wb%20%20LANDSCAPE%20%281%29_All_1748346789.png
Nirnay IAS 2026 - Lakshya Batch - 2 (English),6834b60caa9ee49232e6b53b,https://testbook.com/upsc-cse-english-lakshya-2,https://cdn.testbook.com/resources/productionimages/New%20UI%20X%201920X966_All_1748285867.png
Nirnay IAS 2026 - लक्ष्य Batch - 2 (Hindi),68354d99913d8a4d00c7d702,https://testbook.com/upsc-cse-hindi-lakshya-2,https://cdn.testbook.com/resources/productionimages/New%20UI%20X%201920X966%20%281%29_All_1748324798.png
Odisha GS Booster,683577b6913d8a4d00c936af,https://testbook.com/odisha-gs-booster,https://cdn.testbook.com/resources/productionimages/OSSC%20%20LANDSCAPE_All_1748347422.png
WB Upper Primary TET E-Books,6835940f44fd436e9b275129,https://testbook.com/wb-upper-primary-tet-ebook-1,
Haryana CET Group C 2025,6836e2bd94c8b64e45d02d74,https://testbook.com/haryana-cet-2025,https://cdn.testbook.com/resources/productionimages/wb%20%20LANDSCAPE_All_1748597267.png
Comprehnsive Essay Sutra Program,6838061fff5da65e23bd33cf,https://testbook.com/comprehensive-mains-sutra-program,https:
Nagar Parishad Bharati ( Group C & D) 2025,683ea4952afc0e2a46745484,https://testbook.com/nagarparishad-c-and-d,https:
IBPS PO & Clerk (Guaranteed Selection Program) 2025,683eae49b6e4ef79662659c9,https://testbook.com/ibps-po-clerk-gsp,https://cdn.testbook.com/resources/productionimages/New%20UI%20X%201920X966_All_1750252265.png
DDA JE - Civil,683eb343bf001439f4adf9a5,https://testbook.com/dda-je-civil-complete-syllabus,https://cdn.testbook.com/resources/productionimages/New%20UI%20X%201920X966%20%281%29_All_1749212668.png
SSC CGL Tier 1 Crash Course 2025,683ee8c29fe53e3eab7502a6,https://testbook.com/ssc-cgl-crash,https://cdn.testbook.com/resources/productionimages/SSC%20Foundation%20LIVE%20%284%29_All_1751031290.jpg
Super Subscription Model,683eec0284cf48af81952437,https://testbook.com/super-subscription-prototype,https://cdn.testbook.com/resources/productionimages/Frame%201116600762_All_1750681431.png
DDA JE - Civil E-Books,684019d302f937f07b5934bd,https://testbook.com/dda-je-civil-complete-syllabus-ebook-1,
BOB Peon -  All India Mock Test & Analysis,6840375da1f2060368672ba0,https://testbook.com/bob-peon-mock-test-live-analysis,https:
Odisha SSB TGT,68404a903eb67d5279e77d17,https://testbook.com/odisha-ssb-tgt,https://cdn.testbook.com/resources/productionimages/landacape%201_All_1751007729.png
WB SLST (IX and X) Bengali 2025,68405112d27b4d727abaa1cc,https://testbook.com/wb-slst-ix-x-bengali,https://cdn.testbook.com/resources/productionimages/OSSC%20%20LANDSCAPE%20%281%29_All_1749199490.png
WB SLST (IX and X) English 2025,684131e0f69095579185af13,https://testbook.com/wb-slst-ix-x-english,https://cdn.testbook.com/resources/productionimages/OSSC%20%20LANDSCAPE_All_1749194401.png
OSSC RHT,6841660cac984524d02127ec,https://testbook.com/ossc-rht,https://cdn.testbook.com/resources/productionimages/landscape%202_All_1751007795.png
MANZIL NTPC (UG),6842a7da47e194f6f2c53271,https://testbook.com/rrb-ntpc-ug,https://cdn.testbook.com/resources/productionimages/66a0a677977113d7772ca0ec_oct2024_1%20%281%29_All_1749451219.png
SSC CGL Tier 1 Crash Course 2025 E-Books,6842e64c0ec57ccf04e9aef1,https://testbook.com/ssc-cgl-crash-ebook-1,
Odisha Police SI Mock Test,6846c972b203caef73960f65,https://testbook.com/odisha-police-si-mock-test,https://cdn.testbook.com/resources/productionimages/New%20UI%20X%201920X966_All_1749553385.png
DSSSB PGT Crash Course,6847e90bb9b35f5dc42d9c2e,https://testbook.com/dsssb-pgt-crash,https://cdn.testbook.com/resources/productionimages/_Course%20card%20Judiciary%20%285%29_All_1749560425.png
Odisha Police SI Mock Test E-Books,684806fa9b331a143788f298,https://testbook.com/odisha-police-si-mock-test-ebook-1,
60 Days CGL MasterPlan 2025,68492452c3aa32db453036be,https://testbook.com/cgl-rankers-2025,https:
Ruler of the New Era,684a2a7f43c782d760c8f158,https://testbook.com/super-pass,https:
Vigyan Express by Lalit Sir,684ab9d0fb0ea9a8b22f99c5,https://testbook.com/vigyan-express,https://cdn.testbook.com/resources/productionimages/ls%20-%20r_All_1749891170.png
WB SLST (IX and X) Hindi 2025,684bf84858b299f34b4180b2,https://testbook.com/wb-slst-ix-x-hindi,https:
SSC CPO Tier 1 Crash Course 2025,684cfe92536394a1581a14d0,https://testbook.com/ssc-cpo-crash,https://cdn.testbook.com/resources/productionimages/SSC%20Foundation%20LIVE%20%282%29_All_1750493438.jpg
Vigyan Express by Lalit Sir E-Books,684d3770446b39b75c7cfd3e,https://testbook.com/vigyan-express-ebook-1,
Nirnay IAS 2026 - Lakshya Batch - 3 (Hinglish),684d4f5badff09c8ee0d05fa,https://testbook.com/upsc-lakshya-3-hinglish,https://cdn.testbook.com/resources/productionimages/New%20UI%20X%201920X966%20%2816%29_All_1749896079.png
Nirnay IAS 2026 - Lakshya Batch - 3 (English),684ee75ad6b641c0d89d0a01,https://testbook.com/upsc-lakshya-4-english,https://cdn.testbook.com/resources/productionimages/Nirnay%20IAS%202025%20%28Hindi%29%20%E0%A4%B8%E0%A5%81%E0%A4%AA%E0%A4%B0%E0%A4%AE%E0%A5%87%E0%A4%82%E0%A4%9F%E0%A4%B0%20%E0%A4%A6%E0%A5%8D%E0%A4%B5%E0%A4%BE%E0%A4%B0%20%E0%A4%AE%E0%A4%BE%E0%A4%B0%E0%A5%8D%E0%A4%97%E0%A4%A6%E0%A4%B0%E0%A5%8D%E0%A4%B6%E0%A4%A8%20%E0%A4%B8%E0%A4%A4%E0%A5%8D%E0%A4%B0%20%2815%29_All_1750000821.png
Nirnay IAS 2026 - लक्ष्य Batch - 3 (Hindi),684f7f69ee673c500f93d4d3,https://testbook.com/upsc-lakshya-4-hindi,https://cdn.testbook.com/resources/productionimages/New%20UI%20X%201920X966%20%2818%29_All_1750039572.png
NCERT Batch for UPSC,684ff6e8d05c05596f4bd1fa,https://testbook.com/ncert-foundation-2025,https://cdn.testbook.com/resources/productionimages/NCERT1_All_1750070421.png
Geography Optional for UPSC Mains by Kapil Bhardwaj Sir (Recorded Course),685003cf02718b02231fdcad,https://testbook.com/geography-optional-kapil-bhardwaj,https://cdn.testbook.com/resources/productionimages/Geo%20opt_All_1750154974.png
UGC NET PRE NET,6850182dc6888dcfa967388b,https://testbook.com/ugc-net-pre-net,https:
MPSC Rajyseva + Combined (Integrated NCERT) Foundation Batch (LTV),685144a94f2caf8f422d2eb1,https://testbook.com/mpsc-ltv-combine,https://cdn.testbook.com/resources/productionimages/RajyaSeva%20+%20Combined_All_1750428824.png
MPSC Rajyseva (Integrated NCERT) Foundation Batch (LTV),685144b94f2caf8f422e9500,https://testbook.com/mpsc-ltv,https://cdn.testbook.com/resources/productionimages/mpsc%20ltv_All_1750428879.png
Quant & LR - Tark Ganit Express,6851631e437f062f7f3630aa,https://testbook.com/quant-lr-tark-ganit,https://cdn.testbook.com/resources/productionimages/ls%20-%20r2_All_1750498954.png
"MPSC कायदे बॅच (Combined B & C, NMMC, Saralseva)",6851656fb78e51ba0933daeb,https://testbook.com/mpsc-act-batch,https://cdn.testbook.com/resources/productionimages/mspdca%20land%20sdc_All_1750231434.png
SSC CHSL Tier 1 Crash Course 2025,685260a305313bf708125a35,https://testbook.com/ssc-chsl-crash,https://cdn.testbook.com/resources/productionimages/SSC%20Foundation%20LIVE%20%283%29_All_1750493520.jpg
"MPSC कायदे बॅच (Combined B & C, NMMC, Saralseva)",685541df234f886e24c73d41,,https://cdn.testbook.com/resources/productionimages/mspdca%20land%20sdc_All_1750231434.png
UGC NET Paper 1,68554351d6a76dd4b2ee3388,https://testbook.com/ugc-net-paper-1,https://cdn.testbook.com/resources/productionimages/Goal%20Card_All_1752216585.png
SSC CPO Tier 1 Crash Course 2025 E-Books,68555f228f119111bc614dcc,https://testbook.com/ssc-cpo-crash-ebook-1,
SSC CHSL Tier 1 Crash Course 2025 E-Books,68555f4b2c57c8db71ba66ba,https://testbook.com/ssc-chsl-crash-ebook-1,
SSC CGL Tier 2,68593cbe8a593dfb1e228807,https://testbook.com/ssc-cgl-123,https://cdn.testbook.com/resources/productionimages/goal_images/639428f33155978ab7b8f4a6.png
Nirnay IAS 2026 - Lakshya Batch - 3 (Hinglish) -Unpublished,68595a577f690be12d7f6496,https://testbook.com/lakshya-unpublished,https://cdn.testbook.com/resources/productionimages/New%20UI%20X%201920X966%20%2816%29_All_1749896079.png
PFRDA Grade A 2025,68595b54cdc202d58a1143d4,https://testbook.com/pfrda-grade-a,https://cdn.testbook.com/resources/productionimages/Vivek%201920x966%20%281%29_All_1750862249.png
Bihar Special School Teacher 2025,685bbf2c009b65688a610729,https://testbook.com/bihar-special-school-teacher,https:
Odisha B.Ed 2026,685bcfa7091aa1bc91eed4c4,https://testbook.com/odisha-b-ed-entrance-2026,https://cdn.testbook.com/resources/productionimages/landscape%203_All_1751007881.png
Bihar Special School Teacher 2025 : General Paper,685bd167169eca5f8e8ee419,https://testbook.com/bihar-special-teacher-general-paper,https:
OSSC RHT E-Books,685d20e2fe9c750881651335,https://testbook.com/ossc-rht-ebook-1,
JAIIB Mock Test Series,685d5236093c074e633ea0d3,https://testbook.com/jaiib,
Jharkhand APO Live Batch,685e3d59e6f22e30278ac816,https://testbook.com/jharkhand-apo,https://cdn.testbook.com/resources/productionimages/lady%20Justice_All_1751005654.jpg
CUET UG (GAT + Language),685e6d9339a6ec1e8e680c69,https://testbook.com/cuet-ug-gat-language,https://cdn.testbook.com/resources/productionimages/IIT%20JAM_All_1744291934.png
Super Pass Live,685e851a620511f4ba002ff6,https://testbook.com/super-pass-live,https:
MPPTCL JE - Electrical,685fc3b9e159893d372235f0,https://testbook.com/mpptcl-je,https:
----,68627310835adfa73952bc3a,https://testbook.com/dummy,https:
Testbook Super Coaching,68627387bd2d3f076b000901,https://testbook.com/testvbook,https://cdn.testbook.com/resources/productionimages/goal_images/646365ddb34eb681cd63754b.png
MPPTCL JE - Electrical E-Books,686286edd7c81c7bf941caf0,https://testbook.com/mpptcl-je-ebook-1,
Nirnay IAS 2026 - Lakshya Batch - 4 (Hinglish),6865060c6a92c40eb67ca083,https://testbook.com/lakshya-4-hinglish,https://cdn.testbook.com/resources/productionimages/New%20UI%20X%201920X966%20%2819%29_All_1751617158.png
JAIIB Super Pack,68650d075f77e9570c2e9336,https://testbook.com/jaiib-november-2025,https://cdn.testbook.com/resources/productionimages/66a0b75613ed6e2b7ec74237_oct2024_1_All_1770204678.png
JAIIB - Indian Economy & Financial System,68678754c7c652adf88bfcd9,https://testbook.com/indian-economy-financial-system-jaiib,https://cdn.testbook.com/resources/productionimages/66a0b75613ed6e2b7ec74237_oct2024_1%20%282%29_All_1770204777.png
JAIIB - Principles & Practices of Banking,686788ff03b383c31b3a1fa8,https://testbook.com/principles-practices-of-banking-jaiib,https://cdn.testbook.com/resources/productionimages/66a0b75613ed6e2b7ec74237_oct2024_1%20%285%29_All_1770204846.png
JAIIB - Accounting & Financial Management for Bankers,686789aee90ddc2db526c559,https://testbook.com/accounting-financial-management-for-bankers-jaiib,https://cdn.testbook.com/resources/productionimages/66a0b75613ed6e2b7ec74237_oct2024_1%20%283%29_All_1770204910.png
JAIIB - Retail Banking & Wealth Management,68678a6aee8f60f3d6f74233,https://testbook.com/retail-banking-wealth-management-jaiib,https://cdn.testbook.com/resources/productionimages/66a0b75613ed6e2b7ec74237_oct2024_1%20%284%29_All_1770205027.png
RBI Grade B + PFRDA Grade A 2025,6868e50126bccf2239e74bd7,https://testbook.com/rbi-grade-b-pfrda-grade-a,https://cdn.testbook.com/resources/productionimages/Vivek%201920x966%20%281%29_All_1750862249.png
RBI Grade B + SEBI Grade A + PFRDA Grade A 2025,6868e709041dfd3e65bbaed7,https://testbook.com/rbi-grade-b-pfrda-grade-a-sebi,https://cdn.testbook.com/resources/productionimages/Vivek%201920x966%20%281%29_All_1750862249.png
RBI Grade B + SEBI Grade A + PFRDA Grade A + NABARD Grade A 2025,6868e799041dfd3e65bbb2dc,https://testbook.com/rbi-grade-b-pfrda-grade-a-sebi-nabard,https://cdn.testbook.com/resources/productionimages/Vivek%201920x966%20%281%29_All_1750862249.png
Super Pass Live E-Books,686910b5e00a914ffadf9b73,https://testbook.com/super-pass-live-ebook-1,
JAIIB Super Pack November 2025 E-Books,686b82193ff482b7f85f20a0,https://testbook.com/jaiib-november-2025-ebook-1,
Nirnay IAS 2025 - English Batch - 2,686bd748650628d82e8e72f1,,https://cdn.testbook.com/resources/productionimages/01_All_1715582712.png
Regulatory Body Exams Elite Mahapack 2025,686e7d69ffbd602672708ae3,https://testbook.com/regulatory-body-exams,
UGC NET Paper 1 E-Books,686fc3a23caaf69f9ab8473c,https://testbook.com/ugc-net-paper-1-ebook-1,https:
MPSC Rajyaseva - Prelims 2025 (Crash Course),687496f2eecb34f6b1b1a1a1,https://testbook.com/mpsc-crash,https://cdn.testbook.com/resources/productionimages/Kunal%201920x966_All_1752676543.png
Nirnay IAS 2025 - Dummy,6874ec02a317ec8ce01ef162,https://testbook.com/nirnay-ias-dummy,https://cdn.testbook.com/resources/productionimages/New%20UI%20X%201920X966%20%2820%29_All_1752573104.png
Nirnay IAS 2025 - Dummy E-Books,6874ef80a7b198317698ad7d,https://testbook.com/nirnay-ias-2025-ebook-1,
IB ACIO 2025,6874f5de045adb3036f8b7bc,https://testbook.com/ib-acio-2025,https://cdn.testbook.com/resources/productionimages/1920X966_All_1753255568.png
IB ACIO 2025 E-Books,6874fede70c47b0b8fce2247,https://testbook.com/ib-acio-2025-ebook-1,
Jammu & Kashmir Judiciary- Prelims Batch,687628e9faa474dae06ee145,https://testbook.com/jammu-kashmir-judiciary,https:
Nirnay IAS Dummy,687646f7559491cedebf4fa1,https://testbook.com/nirnay-ias-dummy-2025,https://cdn.testbook.com/resources/productionimages/New%20UI%20X%201920X966%20%2820%29_All_1752582033.png
UGC NET/SET (Guaranteed Selection Program),6879e993c64d74adbd08dad9,https://testbook.com/ugc-net-gsp-dec-2025,https://cdn.testbook.com/resources/productionimages/1920x966%20%281%29_All_1752933235.png
Nirnay IAS 2026 - Lakshya Batch - 4 (English),6879eabeb6b07c65b249e6f6,https://testbook.com/lakshya-4-english,https://cdn.testbook.com/resources/productionimages/New%20UI%20X%201920X966%20%2821%29_All_1752823152.png
Nirnay IAS 2026 - लक्ष्य Batch - 4 (Hindi),687a12b29a36589c5263435f,https://testbook.com/hindi-lakshya-4,https://cdn.testbook.com/resources/productionimages/New%20UI%20X%201920X966%20%2822%29_All_1752831008.png
UPSC EPFO (EO/AO + APFC) 2025,687cda1f55975ab3fe8a8b16,https://testbook.com/upsc-epfo-2025,https://cdn.testbook.com/resources/productionimages/hori_All_1741702262_All_1753013170.png
UGC NET/SET,687e0e6144c5839813622c7c,https://testbook.com/asvfasv,https://cdn.testbook.com/resources/productionimages/1920x966%20%281%29_All_1752933235.png
SSC CGL Offline Mock Test,687e163900e8d4239118798c,https://testbook.com/ssc-cgl-offline-mock,https://cdn.testbook.com/resources/productionimages/1920X966%20%281%29_All_1753255630.png
UPSC EPFO EO/AO 2025,687e19bacb90fe41c165fe75,https://testbook.com/upsc-epfo-eo-ao-2025,https://cdn.testbook.com/resources/productionimages/EO%20h_All_1741702700_All_1753094880.webp
UPSC EPFO APFC 2025,687f48b32bd4a522557adac4,https://testbook.com/upsc-epfo-apfc-2025,https://cdn.testbook.com/resources/productionimages/APFC%20h_All_1741702461_All_1753172557.webp
SIDBI 2025,687f980ed55f6878ce3fdc00,https://testbook.com/sidbi-2025,https://cdn.testbook.com/resources/productionimages/65c60f6d5d44b715dc4337c8_oct2024_1_All_1753273937.png
SIDBI 2025 E-Books,6880c962003d98fc1716c278,https://testbook.com/sidbi-2025-ebook-1,
MBA Essentials,688230df48b3a2d4baa9418e,https://testbook.com/mba-essentials,https://cdn.testbook.com/resources/productionimages/65f4339ed5493012cb890068_oct2024_1_All_1753700191.png
UP LT Grade 2025,68875c3b245fb8a5326f4c28,https://testbook.com/up-lt-grade-2025,https://cdn.testbook.com/resources/productionimages/up%20lt%20grade%20rec_All_1753773443.png
Bihar Police Driver,6888d0a75ea1d3e79818c32e,https://testbook.com/bihar-police-driver-1,https:
Judiciary Recorded Batch by Shubham Upadhyay,688a1cb7645935ea52700749,https://testbook.com/judiciary-recorded-shubham-upadhyay,https://cdn.testbook.com/resources/productionimages/Nirnay%20IAS%202025%20%28Hindi%29%20%E0%A4%B8%E0%A5%81%E0%A4%AA%E0%A4%B0%E0%A4%AE%E0%A5%87%E0%A4%82%E0%A4%9F%E0%A4%B0%20%E0%A4%A6%E0%A5%8D%E0%A4%B5%E0%A4%BE%E0%A4%B0%20%E0%A4%AE%E0%A4%BE%E0%A4%B0%E0%A5%8D%E0%A4%97%E0%A4%A6%E0%A4%B0%E0%A5%8D%E0%A4%B6%E0%A4%A8%20%E0%A4%B8%E0%A4%A4%E0%A5%8D%E0%A4%B0%20%2818%29_All_1753961705.png
WB/KP Police Super Pack,688b70c73f781184e68e2abb,https://testbook.com/west-bengal-police-constable-si,https://cdn.testbook.com/resources/productionimages/ls%20-%20r2%20%281%29_All_1753971410.png
IB Security Assistant 2025,688b782615e0d43558a94524,https://testbook.com/ib-security-assistant-2025,https://cdn.testbook.com/resources/productionimages/Kunal%201920x966%20%281%29_All_1754050220.png
UGC NET/SET GSP - Political Science,6891b97f7a9e21a93ea31f63,https://testbook.com/ugc-net-gsp-political-science,https://cdn.testbook.com/resources/productionimages/1920x966%20%281%29_All_1752933235.png
UGC NET/SET GSP - History,6891ba8c3a946e1e2c3a5717,https://testbook.com/ugc-net-gsp-history,https://cdn.testbook.com/resources/productionimages/1920x966%20%281%29_All_1752933235.png
UGC NET/SET GSP - Sociology,6891bb3252bda0a4dba7290d,https://testbook.com/ugc-net-gsp-sociology,https://cdn.testbook.com/resources/productionimages/1920x966%20%281%29_All_1752933235.png
UGC NET/SET GSP - English,6891bbe71fa0794ef6fb219e,https://testbook.com/ugc-net-gsp-english,https://cdn.testbook.com/resources/productionimages/1920x966%20%281%29_All_1752933235.png
UGC NET/SET GSP - Hindi,6891bc9db2c4264a4641c135,https://testbook.com/ugc-net-gsp-hindi,https://cdn.testbook.com/resources/productionimages/1920x966%20%281%29_All_1752933235.png
UGC NET/SET GSP - Law,6891bd2c38cf23bbb4bd2ab2,https://testbook.com/ugc-net-gsp-law,https://cdn.testbook.com/resources/productionimages/1920x966%20%281%29_All_1752933235.png
UGC NET/SET GSP - Education,6891bda88cc8e5ef68a8bd61,https://testbook.com/ugc-net-gsp-education,https://cdn.testbook.com/resources/productionimages/1920x966%20%281%29_All_1752933235.png
UGC NET/SET GSP - Commerce,6891be6f97f57ece75af4040,https://testbook.com/ugc-net-gsp-commerce,https://cdn.testbook.com/resources/productionimages/1920x966%20%281%29_All_1752933235.png
UGC NET/SET GSP - Management,6891bf2f9e8ab75f99775123,https://testbook.com/ugc-net-gsp-management,https://cdn.testbook.com/resources/productionimages/1920x966%20%281%29_All_1752933235.png
UGC NET/SET GSP - Home Science,6891c136c307cc1e3f06b97a,https://testbook.com/ugc-net-gsp-home-science,https://cdn.testbook.com/resources/productionimages/1920x966%20%281%29_All_1752933235.png
UGC NET/SET GSP - Economics,6891c277914e39da416207b8,https://testbook.com/ugc-net-gsp-economics,https://cdn.testbook.com/resources/productionimages/1920x966%20%281%29_All_1752933235.png
UGC NET/SET GSP - Psychology,6891cd3e5007155286350545,https://testbook.com/ugc-net-gsp-psychology,https://cdn.testbook.com/resources/productionimages/1920x966%20%281%29_All_1752933235.png
UGC NET/SET GSP - Computer Science,6891ceb21287ee33d4054f4c,https://testbook.com/ugc-net-gsp-comp-sci,https://cdn.testbook.com/resources/productionimages/1920x966%20%281%29_All_1752933235.png
UGC NET/SET GSP - Environmental Science,6891cf97715e59618677a725,https://testbook.com/ugc-net-gsp-evs,https://cdn.testbook.com/resources/productionimages/1920x966%20%281%29_All_1752933235.png
UGC NET/SET GSP - Geography,6891d01aee337b04a4cb426a,https://testbook.com/ugc-net-gsp-geography,https://cdn.testbook.com/resources/productionimages/1920x966%20%281%29_All_1752933235.png
Bihar Police Driver E-Books,6891fb6b3ce857279c497053,https://testbook.com/bihar-police-driver-1-ebook-1,
BSSC Office Attendant,6893071b546082ac47fa4ca6,https://testbook.com/bssc-office-attendant,https:
BSSC Office Attendant E-Books,6893113e9fc48083550b3e65,https://testbook.com/bssc-office-attendant-ebook-1,
Bihar Jeevika,689455d618c3d88a6c7cba50,https://testbook.com/bihar-jeevika,https:
Bihar Jeevika E-Books,68945dd602a4855dda4f9942,https://testbook.com/bihar-jeevika-ebook-1,
UPSC EPFO EO/AO and APFC (Special Subjects) 2025,6895ea6f4a13122948525d18,https://testbook.com/upsc-epfo-special-subjects-2025,https://cdn.testbook.com/resources/productionimages/New%20UI%20X%201920X966%20%2826%29_All_1754660153.png
UPPSC GIC Lecturer,689b3d2a61509a871dfe8e03,https://testbook.com/uppsc-gic-lecturer,https://cdn.testbook.com/resources/productionimages/659e54a95a122e99228b1c1c_oct2024_1%20%281%29_All_1755110377.png
UPPSC GIC Lecturer E-Books,689c4bf5ceef445b415ba6da,https://testbook.com/uppsc-gic-lecturer-ebook-1,
UPSC EPFO + IB ACIO 2025,689c9414d17f3a3e8d01e857,https://testbook.com/epfo-ib-acio-2025,https://cdn.testbook.com/resources/productionimages/New%20UI%20X%201920X966%20%2827%29_All_1755090837.png
Judiciary Recorded Batch by Devashish Pandey,689d9cf5c60a634da998e74a,https://testbook.com/judiciary-recorded-batch-by-devashish-pandey,https://cdn.testbook.com/resources/productionimages/dp%20goal_All_1755167288.png
UGC NET/SET GSP - Law E-Books,689dd17b4307b8d39a61becf,https://testbook.com/ugc-net-gsp-law-ebook-1,
UGC NET/SET GSP - Home Science E-Books,689dd17b1528611dc8733e75,https://testbook.com/ugc-net-gsp-home-science-ebook-1,
UGC NET/SET GSP - Political Science E-Books,689dd34af3e962e8b5ed1510,https://testbook.com/ugc-net-gsp-political-science-ebook-1,
UGC NET/SET GSP - History E-Books,689dd34a273f062699542a6a,https://testbook.com/ugc-net-gsp-history-ebook-1,
UGC NET/SET GSP - Sociology E-Books,689dd34b6aa28c916732ce75,https://testbook.com/ugc-net-gsp-sociology-ebook-1,
UGC NET/SET GSP - English E-Books,689dd34b24fab418a39dd27e,https://testbook.com/ugc-net-gsp-english-ebook-1,
UGC NET/SET GSP - Hindi E-Books,689dd34ba5c81de206f87f9b,https://testbook.com/ugc-net-gsp-hindi-ebook-1,
UGC NET/SET GSP - Education E-Books,689dd34c35a4eb58daad14be,https://testbook.com/ugc-net-gsp-education-ebook-1,
UGC NET/SET GSP - Commerce E-Books,689dd34c4fc3de9504f52a31,https://testbook.com/ugc-net-gsp-commerce-ebook-1,
UGC NET/SET GSP - Management E-Books,689dd34d915182f85cbd88bc,https://testbook.com/ugc-net-gsp-management-ebook-1,
UGC NET/SET GSP - Economics E-Books,689dd34d96479e87baab43ce,https://testbook.com/ugc-net-gsp-economics-ebook-1,
UGC NET/SET GSP - Psychology E-Books,689dd34e7b9004f4bdcef7fa,https://testbook.com/ugc-net-gsp-psychology-ebook-1,
UGC NET/SET GSP - Computer Science E-Books,689dd34ed3028c5d4e98171b,https://testbook.com/ugc-net-gsp-comp-sci-ebook-1,
UGC NET/SET GSP - Geography E-Books,689dd34ff5135b1ed0dd2b8b,https://testbook.com/ugc-net-gsp-geography-ebook-1,
UGC NET/SET GSP - Environmental Science E-Books,689dd34f7f99fcb889f7c7e9,https://testbook.com/ugc-net-gsp-evs-ebook-1,
Nirnay IAS 2026 - Sankalp Batch (English),68a3224d0e1ff1cde19b9524,https://testbook.com/sannkalp-english-2026,https://cdn.testbook.com/resources/productionimages/New%20UI%20X%201920X966%20%2831%29_All_1756799628.png
Nirnay IAS 2026 - Sankalp Batch (Hinglish),68a32260ccce95e75fd6ceb7,https://testbook.com/sankalp-hinglish-2026,https://cdn.testbook.com/resources/productionimages/New%20UI%20X%201920X966%20%2830%29_All_1756731626.png
Nirnay IAS 2026 - संकल्प Batch (Hindi),68a42ce7bb9e6b2d94a28ff0,https://testbook.com/upsc-cse-hindi,https://cdn.testbook.com/resources/productionimages/New%20UI%20X%201920X966%20%2832%29_All_1756799732.png
UP APO Prelims Live Batch,68a5a96e2a36842dffc6128d,https://testbook.com/up-apo,https://cdn.testbook.com/resources/productionimages/Nirnay%20IAS%202025%20%28Hindi%29%20%E0%A4%B8%E0%A5%81%E0%A4%AA%E0%A4%B0%E0%A4%AE%E0%A5%87%E0%A4%82%E0%A4%9F%E0%A4%B0%20%E0%A4%A6%E0%A5%8D%E0%A4%B5%E0%A4%BE%E0%A4%B0%20%E0%A4%AE%E0%A4%BE%E0%A4%B0%E0%A5%8D%E0%A4%97%E0%A4%A6%E0%A4%B0%E0%A5%8D%E0%A4%B6%E0%A4%A8%20%E0%A4%B8%E0%A4%A4%E0%A5%8D%E0%A4%B0%20%2819%29_All_1755696016.png
IB Junior Intelligence Officer,68ac58605ebff89a2969e34b,https://testbook.com/ib-jio-2025,https://cdn.testbook.com/resources/productionimages/1920X966_All_1757426188.png
Super Pass Live E-Books,68b297e3413994696feb335c,,
All AE & JE Exams,68b29809afec22b81f244a5b,https://testbook.com/all-ae-je-exams,https:
CAT 2025 : 10 Days Theory Capsule,68b4706a76827e9d3df0afb3,https://testbook.com/cat-theory-capsule,https://cdn.testbook.com/resources/productionimages/65f4339ed5493012cb890068_oct2024_1%20%288%29_All_1756994274.png
SSC JE (Non Technical),68b7f91193938ccd50f4e3b6,https://testbook.com/ssc-je-non-tech,https://cdn.testbook.com/resources/productionimages/1920X966%20%281%29_All_1757800235.png
HSSC JE Civil,68b953c7a223cbb111b1ee17,https://testbook.com/hssc-je-civil,https://cdn.testbook.com/resources/productionimages/1920X966%20%283%29_All_1757489033.png
All AE & JE Exams E-Books,68b990c3c6cebe144061d4cc,https://testbook.com/all-ae-je-exams-ebook-1,
IFSCA Grade A 2025,68b9994d48c3f917a55b09ea,https://testbook.com/ifsca-grade-a,https://cdn.testbook.com/resources/productionimages/63140b9349ab0db12bc4d973_oct2024_All_1757075065.png
NHPC JE,68ba8dbe728c589ba1e8b17e,https://testbook.com/nhpc-je,https://cdn.testbook.com/resources/productionimages/1920X966_All_1757800188.png
NHPC JE E-Books,68ba8fc45596f0f042934354,https://testbook.com/nhpc-je-ebook-1,
HSSC JE Civil E-Books,68ba8fdde207cb508da9e62d,https://testbook.com/hssc-je-civil-ebook-1,
SSC JE Civil (CBT 1) Selection Kit 2025,68ba9d912203099dfc3b4b7e,https://testbook.com/ssc-je-civil-selection-kit,https://cdn.testbook.com/resources/productionimages/1920X966_All_1758628754.png
SSC JE (Non Technical) E-Books,68baa00785e2453d8718c629,https://testbook.com/ssc-je-non-tech-ebook-1,
SSC JE Electrical (CBT 1) Selection Kit 2025,68baa82f9cb8dfefc92e6a30,https://testbook.com/ssc-je-electrical-selection-kit,https://cdn.testbook.com/resources/productionimages/1920X966%20%281%29_All_1758628789.png
IB ACIO - E Book,68baef129a9eb5ad1d5da45f,https://testbook.com/ib-acio-ebook,https:
General Studies - UPPSC Assistant Professor,68bc30e04076d86de126f5c7,https://testbook.com/gs-for-up-assistant-professor,https://cdn.testbook.com/resources/productionimages/Nirnay%20IAS%202025%20%28Hindi%29%20%E0%A4%B8%E0%A5%81%E0%A4%AA%E0%A4%B0%E0%A4%AE%E0%A5%87%E0%A4%82%E0%A4%9F%E0%A4%B0%20%E0%A4%A6%E0%A5%8D%E0%A4%B5%E0%A4%BE%E0%A4%B0%20%E0%A4%AE%E0%A4%BE%E0%A4%B0%E0%A5%8D%E0%A4%97%E0%A4%A6%E0%A4%B0%E0%A5%8D%E0%A4%B6%E0%A4%A8%20%E0%A4%B8%E0%A4%A4%E0%A5%8D%E0%A4%B0%20%2820%29_All_1757165907.png
General Studies - UP Assistant Professor E-Books,68bc3a6eba3c125b6c446ff6,https://testbook.com/gs-for-up-assistant-professor-ebook-1,
IB Security Assistant E-Book,68bdd2412e0d527c35d2f8ae,https://testbook.com/ib-sa-ebook,https:
IOCL Engineer,68c01fe0e8425a2aa6612853,https://testbook.com/iocl-engineer,https://cdn.testbook.com/resources/productionimages/63cbce9640f7645bbc239376_oct2024_1_All_1741255659.png
DSSSB PRT 2025,68c2a477fae5cf395e8cdbff,https://testbook.com/dsssb-primary-teacher,https://cdn.testbook.com/resources/productionimages/up%20lt%20grade%20rec_All_1757598261.png
DSSSB PRT 2025 E-Books,68c2c60f68a33a5aa52356fd,https://testbook.com/dsssb-primary-teacher-ebook-1,
SSC JE Mechanical (CBT 1) Selection Kit 2025,68c321a7c1756bf9d9b9dfc5,https://testbook.com/ssc-je-mechanical-selection-kit-2025,https://cdn.testbook.com/resources/productionimages/1920X966%20%282%29_All_1758628816.png
DDA JE,68c518b961001dba529b217c,https://testbook.com/dda-je,https://cdn.testbook.com/resources/productionimages/62baa814496b8f447cc552c4_oct2024_1_All_1758031685.png
DDA JE E-Books,68c94e3750e9dcc8f369614d,https://testbook.com/dda-je-ebook-1,
SBI PO 2025 - Mock Interview Guidance Program,68cae81c3bff86dc58c3f00a,https://testbook.com/sbi-po-interview-guidance-program,https://cdn.testbook.com/resources/productionimages/Nirnay%20IAS%202025%20%28Hindi%29%20%E0%A4%B8%E0%A5%81%E0%A4%AA%E0%A4%B0%E0%A4%AE%E0%A5%87%E0%A4%82%E0%A4%9F%E0%A4%B0%20%E0%A4%A6%E0%A5%8D%E0%A4%B5%E0%A4%BE%E0%A4%B0%20%E0%A4%AE%E0%A4%BE%E0%A4%B0%E0%A5%8D%E0%A4%97%E0%A4%A6%E0%A4%B0%E0%A5%8D%E0%A4%B6%E0%A4%A8%20%E0%A4%B8%E0%A4%A4%E0%A5%8D%E0%A4%B0_All_1765372165.png
"Banking, NABARD Grade A & RBI Grade B Combo",68cd3e455e127e6307b4efdd,https://testbook.com/banking-nabard-grade-a-rbi-grade-b-combo,https:
Banking & NABARD Grade A Combo,68cd4cc0bab7f26c5b47728e,https://testbook.com/banking-nabard-grade-a-combo,https:
Banking & Regulatory Body Exams Superpack Combo,68cd4e38a1a439e539aa8681,https://testbook.com/banking-regulatory-body-exam-superpack-combo,https:
EMRS TGT/PGT 2025,68cd570c57d4f17252c30c58,https://testbook.com/emrs-tgt-pgt-2025,https://cdn.testbook.com/resources/productionimages/COMPLETE%20PREPARATION%20%286%29_All_1709384630.png
EMRS TGT/PGT 2025 E-Books,68cd8159e9b83f70a5eb36da,https://testbook.com/emrs-tgt-pgt-2025-ebook-1,
RPSC - Assistant Professor / Lectureship (UGC),68d140ece9b1ad1d2fac0130,https://testbook.com/rpsc-assistant-professor-lectureship-ugc,https://cdn.testbook.com/resources/productionimages/IIT%20JAM_All_1758620979.png
RPSC - Assistant Professor / Lectureship (UGC) E-Books,68d15c86115e4f4943835bd0,https://testbook.com/rpsc-assistant-professor-lectureship-ugc-ebook-1,
MPSC Combined 2025 Crash Course - Antim Prahar,68d3e4fe694f84be49ae3006,https://testbook.com/mpsc-combined-antim-prahar,https://cdn.testbook.com/resources/productionimages/New%20UI%20X%201920X966%20%2834%29_All_1758805030.png
MPSC Combined 2025 Crash Course - Antim Prahar E-Books,68d5002285b215d8f5cf9b37,https://testbook.com/mpsc-combined-antim-prahar-ebook-1,
यशोदय MPSC Rajyaseva 2026 + UPSC CSE (2027) Foundation with Optional,68d653f13ac7bd889f319a30,https://testbook.com/rajyaseva-2026-with-optional,https://cdn.testbook.com/resources/productionimages/659e54a95a122e99228b1c1c_oct2024_1%20%284%29_All_1760000961.png
Nirnay IAS 2027 - Officers Batch (Hinglish),68e0e870181469fcc1a25594,https://testbook.com/upsc-cse-2027-batch-1,https://cdn.testbook.com/resources/productionimages/34_All_1759571643.png
Nirnay IAS 2027 - Officers Batch (English),68e0e887c7b80ae3114e3293,https://testbook.com/upsc-cse-english-2027-batch-1,https://cdn.testbook.com/resources/productionimages/33_All_1759571596.png
यशोदय MPSC Rajyaseva 2026 + UPSC CSE (2027) Foundation,68e39297e960047de079b5e2,https://testbook.com/yashoday-rajyaseva-mpsc-upsc,https://cdn.testbook.com/resources/productionimages/659e54a95a122e99228b1c1c_oct2024_1%20%283%29_All_1760004163.png
History Optional (MPSC Rajyaseva) by Vaibhav Raut Sir,68e3a99b96334b810b0b2c7d,https://testbook.com/history-optional-rajyaseva-2026,https://cdn.testbook.com/resources/productionimages/659e54a95a122e99228b1c1c_oct2024_1_All_1760008589.png
PSIR Optional (MPSC Rajyaseva) by Ritesh Sir,68e3ac38a2c7afcd121aaecc,https://testbook.com/rajyaseva-psir-optional,https://cdn.testbook.com/resources/productionimages/659e54a95a122e99228b1c1c_oct2024_1%20%282%29_All_1760007965.png
BTSC JE Civil,68e4b8d5ac13b1e50fe7e614,https://testbook.com/btsc-je-civil,https://cdn.testbook.com/resources/productionimages/Untitled%20design_All_1759934252.png
यशोदय MPSC Rajyseva 2026 (MPSC+UPSC) Foundation Batch with Optional E-Books,68e76673bd17be2084725aa6,https://testbook.com/rajyaseva-2026-with-optional-ebook-1,
यशोदय MPSC Rajyseva 2026 (MPSC+UPSC) Foundation Batch E-Books,68e782e3594264841c82350d,https://testbook.com/yashoday-rajyaseva-mpsc-upsc-ebook-1,
Current Affairs - October 2025 E- book,68e7911595c8662508390a1f,https://testbook.com/current-affairs-october-2025,https://cdn.testbook.com/resources/productionimages/Current%20Affairs%20Book_October_All_1762520954.png
RBI Grade B Phase 2 Crash Course,68e8de62eda14163ec2e2410,https://testbook.com/rbi-grade-b-phase-2-crash,https://cdn.testbook.com/resources/productionimages/RBI%20GRADE%20B%20PHASE%20-II_All_1760617510.png
Nirnay IAS Current Affairs 360 Program,68ee39f08e718f7fd1dbb6ad,https://testbook.com/upsc-current-affairs,https:
यशोदय MPSC Rajyaseva 2026 + UPSC CSE (2027) Foundation with Optional (LTV),68ee46782a042901529d073d,https://testbook.com/mpsc-upsc-ltv-with-optional,https://cdn.testbook.com/resources/productionimages/659e54a95a122e99228b1c1c_oct2024_1%20%284%29_All_1760000961.png
यशोदय MPSC Rajyaseva 2026 + UPSC CSE (2027) Foundation with Optional (LTV) E-Books,68ee48c90ed5c3d447d4076a,https://testbook.com/mpsc-upsc-ltv-with-optional-ebook-1,
SEBI Grade A 2025 (General/ IT/ Legal) Mock Test,68eff25729d4ab6ea5ce94c0,https://testbook.com/sebi-grade-a,
Sebi grade A (Legal) + UGC Net (Law),68f23aaebd42fc84034d1ba2,https://testbook.com/sebi-grade-a-ugc-net-law,https://cdn.testbook.com/resources/productionimages/RBI%20GRADE%20B%20PHASE%20-II%20%281%29_All_1761557986.png
RRB JE (Mechanical) Guaranteed Selection Program 2025 (2.0),68f8c78d4bbc7068155ffff6,https://testbook.com/rrb-je-mechanical-engineering-2025,https://cdn.testbook.com/resources/productionimages/RBI%20GRADE%20B%20PHASE%20-II%20%282%29_All_1762161823.png
RRB JE (Electronics & CS ) Guaranteed Selection Program 2025 (2.0),68f8cc4fd30b7ebc7bb69375,https://testbook.com/rrb-je-electronics-engineering-2025,https://cdn.testbook.com/resources/productionimages/RBI%20GRADE%20B%20PHASE%20-II%20%283%29_All_1762161849.png
RRB JE (Electrical) Guaranteed Selection Program 2025 (2.0),68f8d13733dbfea2f4da1dbf,https://testbook.com/rrb-je-electrical-engineering-2025,https://cdn.testbook.com/resources/productionimages/RBI%20GRADE%20B%20PHASE%20-II%20%281%29_All_1762161791.png
SSC JE Rough,68f8d32edda1717e63136a7a,https://testbook.com/rr-je-civil-engineering-2025,https://cdn.testbook.com/resources/productionimages/rrb_All_1761137768.jpg
RRB JE (Civil) Guaranteed Selection Program 2025 (2.0),68f8d57dd6056bd7ba857aa8,https://testbook.com/rrb-je-civil-gsp-2025,https://cdn.testbook.com/resources/productionimages/RBI%20GRADE%20B%20PHASE%20-II_All_1762161764.png
MPSC Combined Group B & C 2026 (Prelims + Mains),68f9f043f277dd6c4eebe37e,https://testbook.com/mpsc-combined-2026,https://cdn.testbook.com/resources/productionimages/New%20UI%20X%201920X966%20%2839%29_All_1761211108.png
Interview Guidance Program - IBPS PO & Bank LBO 2025,68fbadcfd91d5a37e5232f94,https://testbook.com/ibps-po-2025-interview-guidance-plan,https://cdn.testbook.com/resources/productionimages/RBI%20GRADE%20B%20PHASE%20-II%20%283%29_All_1761643936.png
BEL Probationary Engineer,69007976291296b1bac1774c,https://testbook.com/bel-probationary-engineer,https://cdn.testbook.com/resources/productionimages/BEL-Probationary-Engineer-Recruitment-2025_All_1761638982.webp
MPSC Combined Group B & C 2026 (Prelims + Mains) E-Books,69008b24d117118833dc22ce,https://testbook.com/mpsc-combined-2026-ebook-1,
Current Affairs - November 2025 E- book,690362d286157e6dbc951269,https://testbook.com/current-affairs-november-2025,https://cdn.testbook.com/resources/productionimages/Current%20Affairs%20Book_November_All_1762520860.png
Nirnay IAS Free Prelims Crash Course Program,690475cff2b28708f6a6bad5,https://testbook.com/free-prelims-crash-course,https://cdn.testbook.com/resources/productionimages/New%20UI%20X%201920X966%20%2844%29_All_1761903538.png
RRB JE Free Content,6905b613c7b8109fc39f9df1,https://testbook.com/free-content-for-rrb-je,https://cdn.testbook.com/resources/productionimages/images%20%281%29_All_1761981311.jpg
Nirnay IAS CSAT Foundation Program,69087765f6aebcfd442e8e78,https://testbook.com/csat-foundation-program,https:
Pass Mentorship - Unlock Your True Potential with Expert Guidance,690b21a0f2572e4774f857a3,https://testbook.com/pass-mentorship,https://cdn.testbook.com/resources/productionimages/image%20%281%29_All_1762337598.png
RRB NTPC Foundation (2025 - 26),690b412f039b6c183b7fc9a6,https://testbook.com/rrb-ntpc-2025-26,https://cdn.testbook.com/resources/productionimages/goal_images/66a77cedadbe60ae756d984e_oct2024_1.png
MPSC Rajyaseva 2026 Guaranteed Selection Program (GSP) – आरंभ Live Batch,690dadc26efab2a2e3c7186f,https://testbook.com/mpsc-gsp,https://cdn.testbook.com/resources/productionimages/1920x966_All_1762681872.png
MPSC GSP E-Books,690daf403d07a014d3993d01,https://testbook.com/-ebook-1,https:
UGC NET/SET (Prod Team),690dbd67e35cc1b1c721ec51,https://testbook.com/ugc-testing-practice,https://cdn.testbook.com/resources/productionimages/goal_images/62e4e0d81cf9fdee2cde004d.png
Practice Testing,690dc3a2e76fc46d21a7c9da,https://testbook.com/practice-ugc,https:
Nirnay IAS 2027 - Officers Batch - 2 (Hinglish),69118124b234b492a5db4cb5,https://testbook.com/nirnay-2027-batch-2,https://cdn.testbook.com/resources/productionimages/New%20UI%20X%201920X966%20%2849%29_All_1762760873.png
Nirnay IAS 2027 - Officers Batch - 2 (English),6911974d486400866ea535de,https://testbook.com/officers-batch-2-english,https://cdn.testbook.com/resources/productionimages/New%20UI%20X%201920X966%20%2848%29_All_1762760789.png
UGC NET/SET (Guaranteed Selection Program) - copy testing main goal,691344be416567edcf25fda8,https://testbook.com/ugc-testing-copy,https://cdn.testbook.com/resources/productionimages/1920x966%20%281%29_All_1752933235.png
Nirnay IAS - लक्ष्य Batch (Recorded),691555573f0d2648a4f697b7,https://testbook.com/lakshya-batch-hindi-recorded,https:
SSC JE CBT - 1 Offline Mock Test,6915b835798e18cd10fe71bf,https://testbook.com/ssc-je-cbt-1-offline-mock-test,https://cdn.testbook.com/resources/productionimages/images%20%283%29_All_1763031385.jpg
​UPSC CSE 2026 - Prelims Crash Course (Hinglish),69169b17ce24708c92e21847,https://testbook.com/upsc-prelims,https://cdn.testbook.com/resources/productionimages/Horizonatal%20Crash%20Course_All_1763188916.png
KVS/NVS - 2025 (PGT/TGT/PRT),6916d1fd67c5cacea2b2731f,https://testbook.com/kvs-nvs-pgt-tgt-prt,https://cdn.testbook.com/resources/productionimages/659e54a95a122e99228b1c1c_oct2024_1_All_1763127236.png
​UPSC CSE 2026 - Prelims Crash Course (Hinglish) with Mentorship,6918178566d78b6dd3c09fb2,https://testbook.com/upsc-prelims-with-mentorship,https://cdn.testbook.com/resources/productionimages/New%20UI%20X%201920X966%20%2850%29_All_1763189951.png
Rajyaseva Gurukul - Mains 2025 Program,691ad12712b63bf1aa58cfaa,https://testbook.com/mpsc-mentorship,https://cdn.testbook.com/resources/productionimages/1920X966_All_1770882444.png
RRB Group D 2025 (अंतिम संग्राम),691c4cbaf834da63578b97d1,https://testbook.com/rrb-group-d-2025,https://cdn.testbook.com/resources/productionimages/Kunal%201920x966_All_1763558853.png
SSC GD 2025,691d8eaea17a0c75b7e417be,https://testbook.com/ssc-gd-2025,https://cdn.testbook.com/resources/productionimages/goal_images/6363bbee44dffe328f0769ce.png
WBSEDCL Junior Engineer,69293c2e4795ee5f619239e8,https://testbook.com/wbsedcl-junior-engineer,https://cdn.testbook.com/resources/productionimages/1920X966_All_1766138581.png
WBSEDCL Junior Engineer E-Books,692aae2c7dc41a3539c20d27,https://testbook.com/wbsedcl-junior-engineer-ebook-1,
DRDO CEPTAM 11 (STA B),69313706524e594e121be5be,https://testbook.com/drdo-ceptam-11,https://cdn.testbook.com/resources/productionimages/1920X966_All_1765980998.png
UPPSC Polytechnic Lecturer,69316630f2323621595ecb51,https://testbook.com/uppsc-polytehnic-lecturer,https://cdn.testbook.com/resources/productionimages/Seal_of_Uttar_Pradesh_All_1764845247.png
Maharashtra Talathi 2025,6931c3773ac700ed35734228,https://testbook.com/maharashtra-talathi-2025,https://cdn.testbook.com/resources/productionimages/659e54a95a122e99228b1c1c_oct2024_1%20%281%29_All_1765288458.png
MPPGCL Line Attendant E-Books,6937d69861cbdbb2428d8d72,https://testbook.com/mppgcl-line-attendant-ebook-1,
Bombay High Court Clerk 2026,69382865f8be1f2da70f6e7b,https://testbook.com/bombay-high-court-clerk-2026,https://cdn.testbook.com/resources/productionimages/mh%20%20LANDSCAPE_All_1765301567.png
Bombay High Court Clerk 2026 E-Books,693954985402477dd3c75355,https://testbook.com/bombay-high-court-clerk-2026-ebook-1,
SSC JE Mechanical (CBT 2) Crash Course 2025,693ab7c24d315fb6aa06f701,https://testbook.com/ssc-je-cbt-2-mechanical-2025,https://cdn.testbook.com/resources/productionimages/1920X966%20%282%29_All_1766476756.png
SSC JE Electrical (CBT 2) Crash Course 2025,693abbd7112ce468e7689a4b,https://testbook.com/ssc-je-electrical-cbt-2,https://cdn.testbook.com/resources/productionimages/1920X966%20%281%29_All_1766476728.png
SSC JE Civil (CBT 2) Crash Course 2025,693abd5f158f6731303808ea,https://testbook.com/ssc-je-civil-cbt-2,https://cdn.testbook.com/resources/productionimages/1920X966_All_1766476697.png
Current Affairs - December 2025 E- book,693be7d53dbc3ce820377621,https://testbook.com/current-affairs-december-2025,https://cdn.testbook.com/resources/productionimages/CURRENT%20AFFAIRS%20%E2%80%93%20December%202025%20E-%20BOOK_All_1765797231.png
Nirnay IAS 2027 - Officers Batch - 3 (Hinglish),693faf3ff1c75c6732a7ba27,https://testbook.com/upsc-cse-officers-3-hinglish,https://cdn.testbook.com/resources/productionimages/Nirnay%20IAS%202025%20%28Hindi%29%20%E0%A4%B8%E0%A5%81%E0%A4%AA%E0%A4%B0%E0%A4%AE%E0%A5%87%E0%A4%82%E0%A4%9F%E0%A4%B0%20%E0%A4%A6%E0%A5%8D%E0%A4%B5%E0%A4%BE%E0%A4%B0%20%E0%A4%AE%E0%A4%BE%E0%A4%B0%E0%A5%8D%E0%A4%97%E0%A4%A6%E0%A4%B0%E0%A5%8D%E0%A4%B6%E0%A4%A8%20%E0%A4%B8%E0%A4%A4%E0%A5%8D%E0%A4%B0%20%2872%29_All_1765781880.png
Nirnay IAS 2027 - Officers Batch - 3 (English),693feb1d6d6f67cdb89ac68e,https://testbook.com/upsc-cse-english-officers-3,https://cdn.testbook.com/resources/productionimages/New%20UI%20X%201920X966%20%2848%29_All_1762760789.png
OSSC CGL 2025 Pre,694154a297e2cdfcd53aff0f,https://testbook.com/ossc-cgl-pre,https://cdn.testbook.com/resources/productionimages/goal_images/667686a42af643583405ffdd_oct2024_1.png
Railway (RRB) Teacher - Teaching Skill Test,694165654d1e5688ca714375,https://testbook.com/railway-rrb-teaching-skill-test,https:
UP Police Computer Operator Grade A,69451bb7336e2abec23c6d36,https://testbook.com/up-police-computer-operator-grade-a,https://cdn.testbook.com/resources/productionimages/uppoliceconstablerecruitment2022notificationpdfdownload-1641736680_All_1766137148.jpg
AE JE For MP Exams,694918b9f2b45cddf358aa71,https://testbook.com/ae-je-mp,https://cdn.testbook.com/resources/productionimages/1920X966_All_1767357970.png
Nirnay IAS 2027 - Prarambh (प्रारम्भ) Batch - Hinglish,694a7bd398b7003ed484af06,https://testbook.com/upsc-cse-prarambh-1,https://cdn.testbook.com/resources/productionimages/Course%20card%20Jugaad%20%2832%29_All_1767348815.png
Nirnay IAS 2027 - Officers Batch - 3 (Hinglish) with Optional,694a84ca6f8c578dea8fe68d,https://testbook.com/upsc-cse-officers-3-with-optional,https://cdn.testbook.com/resources/productionimages/New%20UI%20X%201920X966%20%2820%29_All_1766601881.png
Nirnay IAS 2027 - Prarambh (प्रारम्भ) Batch - English,694b89645dde2f6b0aba088b,https://testbook.com/upsc-cse-english,https://cdn.testbook.com/resources/productionimages/Course%20card%20Jugaad%20%2831%29_All_1767347609.png
Nirnay IAS 2027 - Officers Batch - 3 (English) with Optional,694b8e2c7fd913f1f26dcb28,https://testbook.com/upsc-cse-officers-english-with-optional,https://cdn.testbook.com/resources/productionimages/New%20UI%20X%201920X966%20%2819%29_All_1766601806.png
OSSSC RI ARI AMIN SFS VAW JA Combined Batch,694ca3d9a2e02241abc1eb50,https://testbook.com/osssc-ri-ari-amin-sfs-vaw-ja,https://cdn.testbook.com/resources/productionimages/1KIHER_All_1766852874.png
"OSSSC Forester, Forest Guard Excise Constable Combined Batch",694ccfc3bd6c56a7b79744f7,https://testbook.com/osssc-forester-forest-guard-excise-constable,https://cdn.testbook.com/resources/productionimages/images_All_1766630843.png
AE JE For MP Exams E-Books,694e840f6c99e68bb5da0428,https://testbook.com/ae-je-mp-2026-ebook-1,
Nirnay IAS 2027 - Prarambh (प्रारम्भ) Batch - English with Optional,6958f1278f6a8afe6c45122c,https://testbook.com/upsc-cse-prarambh-english,https://cdn.testbook.com/resources/productionimages/Course%20card%20Jugaad%20%2833%29_All_1767437204.png
Nirnay IAS 2027 - Prarambh (प्रारम्भ) Batch - Hinglish with Optional,6958f67c6d5ceab5622120ad,https://testbook.com/upsc-cse-prarambh-hinglish,https://cdn.testbook.com/resources/productionimages/Course%20card%20Jugaad%20%2835%29_All_1767438026.png
Current Affairs - January 2026 E- book,695ccb4c58e20876fab8b81e,https://testbook.com/current-affairs-january-2026,https://cdn.testbook.com/resources/productionimages/CURRENT%20AFFAIRS%20%E2%80%93%20OCTOBER%202025%20E-%20BOOK_All_1767698964.png
RRB JE 2025 CBT 1 Crash Course,695f4db019d0f6029a9720e1,https://testbook.com/rrb-je-cbt-1-crash-course,https://cdn.testbook.com/resources/productionimages/images%20%281%29_All_1767853614.jpg
UGC NET/SET Foundation - Political Science,6965f13cf0505c92f65a3b1a,https://testbook.com/ugc-political-science-foundation,https://cdn.testbook.com/resources/productionimages/UGC%20NET%20Online%20Coaching_All_1686734606_All_1710227032_All_1768289513.jpg
UGC NET/SET Foundation - History,6965f148b756ccbd9f2a58b1,https://testbook.com/ugc-history-foundation,https://cdn.testbook.com/resources/productionimages/UGC%20NET%20Online%20Coaching_All_1686734606_All_1710227032_All_1768291516.jpg
UGC NET/SET Foundation - Sociology,6965f15a642e072569581a78,https://testbook.com/ugc-sociology-foundation,https://cdn.testbook.com/resources/productionimages/UGC%20NET%20Online%20Coaching_All_1686734606_All_1710227032_All_1768291833.jpg
UGC NET/SET Foundation - English,6965f1676a714b69e2aff59a,https://testbook.com/ugc-english-foundation,https://cdn.testbook.com/resources/productionimages/UGC%20NET%20Online%20Coaching_All_1686734606_All_1710227032_All_1768293380.jpg
UGC NET/SET Foundation - Hindi,6965f173afd7b27c1b13edca,https://testbook.com/ugc-hindi-foundation,https://cdn.testbook.com/resources/productionimages/UGC%20NET%20Online%20Coaching_All_1686734606_All_1710227032_All_1768293616.jpg
UGC NET/SET Foundation - Law,6965f17d523a42a4dfd2ec8a,https://testbook.com/ugc-law-foundation,https://cdn.testbook.com/resources/productionimages/UGC%20NET%20Online%20Coaching_All_1686734606_All_1710227032_All_1768293849.jpg
UGC NET/SET Foundation - Education,6965f18555f114348c9f8f27,https://testbook.com/ugc-education-foundation,https://cdn.testbook.com/resources/productionimages/UGC%20NET%20Online%20Coaching_All_1686734606_All_1710227032_All_1768294046.jpg
UGC NET/SET Foundation - Commerce,6965f18dc36f393bd36f01ed,https://testbook.com/ugc-commerce-foundation,https://cdn.testbook.com/resources/productionimages/UGC%20NET%20Online%20Coaching_All_1686734606_All_1710227032_All_1768294262.jpg
UGC NET/SET Foundation - Management,6965f197ff3b18cd4a4f605f,https://testbook.com/ugc-management-foundation,https://cdn.testbook.com/resources/productionimages/UGC%20NET%20Online%20Coaching_All_1686734606_All_1710227032_All_1768294609.jpg
UGC NET/SET Foundation - Home Science,6965f1a0642e072569581f96,https://testbook.com/ugc-home-science-foundation,https://cdn.testbook.com/resources/productionimages/UGC%20NET%20Online%20Coaching_All_1686734606_All_1710227032_All_1768295366.jpg
UGC NET/SET Foundation - Economics,6965f1a856ae8afd9f0ae689,https://testbook.com/ugc-economics-foundation,https://cdn.testbook.com/resources/productionimages/UGC%20NET%20Online%20Coaching_All_1686734606_All_1710227032_All_1768295769.jpg
UGC NET/SET Foundation - Psychology,6965f1b44382198bd35a7599,https://testbook.com/ugc-psychology-foundation,https://cdn.testbook.com/resources/productionimages/UGC%20NET%20Online%20Coaching_All_1686734606_All_1710227032_All_1768295985.jpg
UGC NET/SET Foundation - Computer Science,6965f1bef943f1bed3b6934b,https://testbook.com/ugc-computer-science-foundation,https://cdn.testbook.com/resources/productionimages/UGC%20NET%20Online%20Coaching_All_1686734606_All_1710227032_All_1768296301.jpg
UGC NET/SET Foundation - Geography,6965f1c7ff3b18cd4a4f657d,https://testbook.com/ugc-geography-foundation,https://cdn.testbook.com/resources/productionimages/UGC%20NET%20Online%20Coaching_All_1686734606_All_1710227032_All_1768296662.jpg
UGC NET/SET Foundation - Environmental Science,6965f1d41b03261e61918671,https://testbook.com/ugc-environmental-science-foundation,https://cdn.testbook.com/resources/productionimages/UGC%20NET%20Online%20Coaching_All_1686734606_All_1710227032_All_1768297243.jpg
UGC NET/SET Foundation - Physical Education,696613794382198bd35d28a3,https://testbook.com/ugc-physical-education-foundation,https://cdn.testbook.com/resources/productionimages/UGC%20NET%20Online%20Coaching_All_1686734606_All_1710227032_All_1768297243.jpg
UGC NET/SET Foundation - Library Science,6966138e6a714b69e2b2bab3,https://testbook.com/ugc-library-science-foundation,https://cdn.testbook.com/resources/productionimages/UGC%20NET%20Online%20Coaching_All_1686734606_All_1710227032_All_1768297243.jpg
UGC NET/SET Foundation - Public Administration,69661396ff3b18cd4a5231eb,https://testbook.com/ugc-public-administration-foundation,https://cdn.testbook.com/resources/productionimages/UGC%20NET%20Online%20Coaching_All_1686734606_All_1710227032_All_1768297243.jpg
UGC - Public Administration & Paper 1 (Priti Hooda & Anshika Pandey) - GSP,6966503bc36f393bd3763a01,https://testbook.com/ugc-public-administration-priti-anshika-gsp,https://cdn.testbook.com/resources/productionimages/UGC%20NET%20Online%20Coaching_All_1686734606_All_1710227032_All_1768297243.jpg
UGC - Library Science & Paper 1 (Priti Hooda & Anshika Pandey) - GSP,6966504155f114348ca6c641,https://testbook.com/ugc-library-science-priti-anshika-gsp,https://cdn.testbook.com/resources/productionimages/UGC%20NET%20Online%20Coaching_All_1686734606_All_1710227032_All_1768297243.jpg
UGC - Physical Education & Paper 1 (Priti Hooda & Anshika Pandey) - GSP,69665046a507cf2ebba90276,https://testbook.com/ugc-physical-education-priti-anshika-gsp,https://cdn.testbook.com/resources/productionimages/UGC%20NET%20Online%20Coaching_All_1686734606_All_1710227032_All_1768297243.jpg
UGC - Environmental Science & Paper 1 (Priti Hooda & Anshika Pandey) - GSP,6966504db756ccbd9f318edf,https://testbook.com/ugc-environmental-science-priti-anshika-gsp,https://cdn.testbook.com/resources/productionimages/UGC%20NET%20Online%20Coaching_All_1686734606_All_1710227032_All_1768297243.jpg
UGC - Geography & Paper 1 (Priti Hooda & Anshika Pandey) - GSP,6966505056ae8afd9f11fd0e,https://testbook.com/ugc-geography-priti-anshika-gsp,https://cdn.testbook.com/resources/productionimages/UGC%20NET%20Online%20Coaching_All_1686734606_All_1710227032_All_1768296662.jpg
UGC - Computer Science & Paper 1 (Priti Hooda & Anshika Pandey) - GSP,696650a7f943f1bed3bdf9b2,https://testbook.com/ugc-computer-science-priti-anshika-gsp,https://cdn.testbook.com/resources/productionimages/UGC%20NET%20Online%20Coaching_All_1686734606_All_1710227032_All_1768296301.jpg
UGC - Psychology & Paper 1 (Priti Hooda & Anshika Pandey) - GSP,696650aa55f114348ca6cd54,https://testbook.com/ugc-psychology-priti-anshika-gsp,https://cdn.testbook.com/resources/productionimages/UGC%20NET%20Online%20Coaching_All_1686734606_All_1710227032_All_1768295985.jpg
UGC - Economics & Paper 1 (Priti Hooda & Anshika Pandey) - GSP,696650adc36f393bd376439f,https://testbook.com/ugc-economics-priti-anshika-gsp,https://cdn.testbook.com/resources/productionimages/UGC%20NET%20Online%20Coaching_All_1686734606_All_1710227032_All_1768295769.jpg
UGC - Home Science & Paper 1 (Priti Hooda & Anshika Pandey) - GSP,696650b12f67821d3508d765,https://testbook.com/ugc-home-science-priti-anshika-gsp,https://cdn.testbook.com/resources/productionimages/UGC%20NET%20Online%20Coaching_All_1686734606_All_1710227032_All_1768295366.jpg
UGC - Management & Paper 1 (Priti Hooda & Anshika Pandey) - GSP,696650b74382198bd361b304,https://testbook.com/ugc-management-priti-anshika-gsp,https://cdn.testbook.com/resources/productionimages/UGC%20NET%20Online%20Coaching_All_1686734606_All_1710227032_All_1768294609.jpg
UGC - Commerce & Paper 1 (Priti Hooda & Anshika Pandey) - GSP,696650bcafd7b27c1b1b3c7d,https://testbook.com/ugc-commerce-priti-anshika-gsp,https://cdn.testbook.com/resources/productionimages/UGC%20NET%20Online%20Coaching_All_1686734606_All_1710227032_All_1768294262.jpg
UGC - Education & Paper 1 (Priti Hooda & Anshika Pandey) - GSP,696650c5b756ccbd9f319b71,https://testbook.com/ugc-education-priti-anshika-gsp,https://cdn.testbook.com/resources/productionimages/UGC%20NET%20Online%20Coaching_All_1686734606_All_1710227032_All_1768294046.jpg
UGC - Law & Paper 1 (Priti Hooda & Anshika Pandey) - GSP,696650cc1b03261e6198f8ab,https://testbook.com/ugc-law-priti-anshika-gsp,https://cdn.testbook.com/resources/productionimages/UGC%20NET%20Online%20Coaching_All_1686734606_All_1710227032_All_1768293849.jpg
UGC - Hindi & Paper 1 (Priti Hooda & Anshika Pandey) - GSP,696650d2afd7b27c1b1b3e62,https://testbook.com/ugc-hindi-priti-anshika-gsp,https://cdn.testbook.com/resources/productionimages/UGC%20NET%20Online%20Coaching_All_1686734606_All_1710227032_All_1768293616.jpg
UGC - English & Paper 1 (Priti Hooda & Anshika Pandey) - GSP,696650d63a056712454c2056,https://testbook.com/ugc-english-priti-anshika-gsp,https://cdn.testbook.com/resources/productionimages/UGC%20NET%20Online%20Coaching_All_1686734606_All_1710227032_All_1768293380.jpg
UGC - Sociology & Paper 1 (Priti Hooda & Anshika Pandey) - GSP,696650dff943f1bed3bdfe31,https://testbook.com/ugc-sociology-priti-anshika-gsp,https://cdn.testbook.com/resources/productionimages/UGC%20NET%20Online%20Coaching_All_1686734606_All_1710227032_All_1768291833.jpg
UGC - History & Paper 1 (Priti Hooda & Anshika Pandey) - GSP,696650f1f943f1bed3be0107,https://testbook.com/ugc-history-priti-anshika-gsp,https://cdn.testbook.com/resources/productionimages/UGC%20NET%20Online%20Coaching_All_1686734606_All_1710227032_All_1768291516.jpg
UGC - Political Science & Paper 1 (Priti Hooda & Anshika Pandey) - GSP,696650f6a04aecf9ff98c067,https://testbook.com/ugc-political-science-priti-anshika-gsp,https://cdn.testbook.com/resources/productionimages/UGC%20NET%20Online%20Coaching_All_1686734606_All_1710227032_All_1768289513.jpg
RRB JE CBT - 1 Offline Mock Test,69673c413935a0e535f1a945,https://testbook.com/rrb-je-cbt-1-offline-mock,https://cdn.testbook.com/resources/productionimages/png-clipart-rail-transport-indian-railways-train-railway-recruitment-control-board-india-text-logo-thumbnail_All_1768373403.png
SSC JE (Electrical) Guaranteed Selection Program 2026,696890db301ad542cca9f10d,https://testbook.com/ssc-je-electrical-2026,https://cdn.testbook.com/resources/productionimages/SSC-Full-Form-SSC-Logo_All_1768462294.png
UGC - Public Administration & Paper 1 (Rajat Kumar & Anshika Pandey) - GSP,696a33c746487aff71605be9,https://testbook.com/ugc-public-administration-rajat-anshika-gsp,https://cdn.testbook.com/resources/productionimages/UGC%20NET%20Online%20Coaching_All_1686734606_All_1710227032_All_1768297243.jpg
UGC - Library Science & Paper 1 (Rajat Kumar & Anshika Pandey) - GSP,696a33ce6315d726ec961d8a,https://testbook.com/ugc-library-science-rajat-anshika-gsp,https://cdn.testbook.com/resources/productionimages/UGC%20NET%20Online%20Coaching_All_1686734606_All_1710227032_All_1768297243.jpg
UGC - Physical Education & Paper 1 (Rajat Kumar & Anshika Pandey) - GSP,696a348166bfd59d43b0fdfd,https://testbook.com/ugc-physical-education-rajat-anshika-gsp,https://cdn.testbook.com/resources/productionimages/UGC%20NET%20Online%20Coaching_All_1686734606_All_1710227032_All_1768297243.jpg
UGC - Environmental Science & Paper 1 (Rajat Kumar & Anshika Pandey) - GSP,696a348a86c54912bc9cab9e,https://testbook.com/ugc-environmental-science-rajat-anshika-gsp,https://cdn.testbook.com/resources/productionimages/UGC%20NET%20Online%20Coaching_All_1686734606_All_1710227032_All_1768297243.jpg
UGC - Geography & Paper 1 (Rajat Kumar & Anshika Pandey) - GSP,696a3490bafcd1459de99b91,https://testbook.com/ugc-geography-rajat-anshika-gsp,https://cdn.testbook.com/resources/productionimages/UGC%20NET%20Online%20Coaching_All_1686734606_All_1710227032_All_1768296662.jpg
UGC - Computer Science & Paper 1 (Rajat Kumar & Anshika Pandey) - GSP,696a349666bfd59d43b0ff97,https://testbook.com/ugc-computer-science-rajat-anshika-gsp,https://cdn.testbook.com/resources/productionimages/UGC%20NET%20Online%20Coaching_All_1686734606_All_1710227032_All_1768296301.jpg
UGC - Psychology & Paper 1 (Rajat Kumar & Anshika Pandey) - GSP,696a349eb8894483ff7bb76c,https://testbook.com/ugc-psychology-rajat-anshika-gsp,https://cdn.testbook.com/resources/productionimages/UGC%20NET%20Online%20Coaching_All_1686734606_All_1710227032_All_1768295985.jpg
UGC - Economics & Paper 1 (Rajat Kumar & Anshika Pandey) - GSP,696a34a4c2c3ae7da352c908,https://testbook.com/ugc-economics-rajat-anshika-gsp,https://cdn.testbook.com/resources/productionimages/UGC%20NET%20Online%20Coaching_All_1686734606_All_1710227032_All_1768295769.jpg
UGC - Home Science & Paper 1 (Rajat Kumar & Anshika Pandey) - GSP,696a34a8f171bbf87bf912ba,https://testbook.com/ugc-home-science-rajat-anshika-gsp,https://cdn.testbook.com/resources/productionimages/UGC%20NET%20Online%20Coaching_All_1686734606_All_1710227032_All_1768295366.jpg
UGC - Management & Paper 1 (Rajat Kumar & Anshika Pandey) - GSP,696a34ae25eae678f5ed84bd,https://testbook.com/ugc-management-rajat-anshika-gsp,https://cdn.testbook.com/resources/productionimages/UGC%20NET%20Online%20Coaching_All_1686734606_All_1710227032_All_1768294609.jpg
UGC - Commerce & Paper 1 (Rajat Kumar & Anshika Pandey) - GSP,696a34b1f171bbf87bf91316,https://testbook.com/ugc-commerce-rajat-anshika-gsp,https://cdn.testbook.com/resources/productionimages/UGC%20NET%20Online%20Coaching_All_1686734606_All_1710227032_All_1768294262.jpg
UGC - Education & Paper 1 (Rajat Kumar & Anshika Pandey) - GSP,696a34b6568bd2c15a43ec89,https://testbook.com/ugc-education-rajat-anshika-gsp,https://cdn.testbook.com/resources/productionimages/UGC%20NET%20Online%20Coaching_All_1686734606_All_1710227032_All_1768294046.jpg
UGC - Law & Paper 1 (Rajat Kumar & Anshika Pandey) - GSP,696a34bba92e45a933700dab,https://testbook.com/ugc-law-rajat-anshika-gsp,https://cdn.testbook.com/resources/productionimages/UGC%20NET%20Online%20Coaching_All_1686734606_All_1710227032_All_1768293849.jpg
UGC - Hindi & Paper 1 (Rajat Kumar & Anshika Pandey) - GSP,696a34c2c2c3ae7da352ca99,https://testbook.com/ugc-hindi-rajat-anshika-gsp,https://cdn.testbook.com/resources/productionimages/UGC%20NET%20Online%20Coaching_All_1686734606_All_1710227032_All_1768293616.jpg
UGC - English & Paper 1 (Rajat Kumar & Anshika Pandey) - GSP,696a34c59d01b50c55a37f24,https://testbook.com/ugc-english-rajat-anshika-gsp,https://cdn.testbook.com/resources/productionimages/UGC%20NET%20Online%20Coaching_All_1686734606_All_1710227032_All_1768293380.jpg
UGC - Sociology & Paper 1 (Rajat Kumar & Anshika Pandey) - GSP,696a34c825eae678f5ed870f,https://testbook.com/ugc-sociology-rajat-anshika-gsp,https://cdn.testbook.com/resources/productionimages/UGC%20NET%20Online%20Coaching_All_1686734606_All_1710227032_All_1768291833.jpg
UGC - History & Paper 1 (Rajat Kumar & Anshika Pandey) - GSP,696a34cc79a61d5f7330be8d,https://testbook.com/ugc-history-rajat-anshika-gsp,https://cdn.testbook.com/resources/productionimages/UGC%20NET%20Online%20Coaching_All_1686734606_All_1710227032_All_1768291516.jpg
UGC - Political Science & Paper 1 (Rajat Kumar & Anshika Pandey) - GSP,696a34d058109d4096158236,https://testbook.com/ugc-political-science-rajat-anshika-gsp,https://cdn.testbook.com/resources/productionimages/UGC%20NET%20Online%20Coaching_All_1686734606_All_1710227032_All_1768289513.jpg
UGC - Public Administration & Paper 1 (Rajat Kumar & Priti Hooda) - GSP,696a392522158ee1a5353ae7,https://testbook.com/ugc-public-administration-rajat-priti-gsp,https://cdn.testbook.com/resources/productionimages/UGC%20NET%20Online%20Coaching_All_1686734606_All_1710227032_All_1768297243.jpg
UGC - Library Science & Paper 1 (Rajat Kumar & Priti Hooda) - GSP,696a3928315d73dafd9bde19,https://testbook.com/ugc-library-science-rajat-priti-gsp,https://cdn.testbook.com/resources/productionimages/UGC%20NET%20Online%20Coaching_All_1686734606_All_1710227032_All_1768297243.jpg
UGC - Physical Education & Paper 1 (Rajat Kumar & Priti Hooda) - GSP,696a392a2eb47041010cbbbd,https://testbook.com/ugc-physical-education-rajat-priti-gsp,https://cdn.testbook.com/resources/productionimages/UGC%20NET%20Online%20Coaching_All_1686734606_All_1710227032_All_1768297243.jpg
UGC - Environmental Science & Paper 1 (Rajat Kumar & Priti Hooda) - GSP,696a3931718d4151c48208a5,https://testbook.com/ugc-environmental-science-rajat-priti-gsp,https://cdn.testbook.com/resources/productionimages/UGC%20NET%20Online%20Coaching_All_1686734606_All_1710227032_All_1768297243.jpg
UGC - Geography & Paper 1 (Rajat Kumar & Priti Hooda) - GSP,696a3934aa22ddf06480fbfd,https://testbook.com/ugc-geography-rajat-priti-gsp,https://cdn.testbook.com/resources/productionimages/UGC%20NET%20Online%20Coaching_All_1686734606_All_1710227032_All_1768296662.jpg
UGC - Computer Science & Paper 1 (Rajat Kumar & Priti Hooda) - GSP,696a393b22158ee1a5353bc6,https://testbook.com/ugc-computer-science-rajat-priti-gsp,https://cdn.testbook.com/resources/productionimages/UGC%20NET%20Online%20Coaching_All_1686734606_All_1710227032_All_1768296301.jpg
UGC - Psychology & Paper 1 (Rajat Kumar & Priti Hooda) - GSP,696a394004c9b66e1af69ee4,https://testbook.com/ugc-psychology-rajat-priti-gsp,https://cdn.testbook.com/resources/productionimages/UGC%20NET%20Online%20Coaching_All_1686734606_All_1710227032_All_1768295985.jpg
UGC - Economics & Paper 1 (Rajat Kumar & Priti Hooda) - GSP,696a39482eb47041010cbe7f,https://testbook.com/ugc-economics-rajat-priti-gsp,https://cdn.testbook.com/resources/productionimages/UGC%20NET%20Online%20Coaching_All_1686734606_All_1710227032_All_1768295769.jpg
UGC - Home Science & Paper 1 (Rajat Kumar & Priti Hooda) - GSP,696a394a3469674bd6c429ba,https://testbook.com/ugc-home-science-rajat-priti-gsp,https://cdn.testbook.com/resources/productionimages/UGC%20NET%20Online%20Coaching_All_1686734606_All_1710227032_All_1768295366.jpg
UGC - Management & Paper 1 (Rajat Kumar & Priti Hooda) - GSP,696a394db6ac2e9c473b3483,https://testbook.com/ugc-management-rajat-priti-gsp,https://cdn.testbook.com/resources/productionimages/UGC%20NET%20Online%20Coaching_All_1686734606_All_1710227032_All_1768294609.jpg
UGC - Commerce & Paper 1 (Rajat Kumar & Priti Hooda) - GSP,696a3954c5c0beedef050b2d,https://testbook.com/ugc-commerce-rajat-priti-gsp,https://cdn.testbook.com/resources/productionimages/UGC%20NET%20Online%20Coaching_All_1686734606_All_1710227032_All_1768294262.jpg
UGC - Education & Paper 1 (Rajat Kumar & Priti Hooda) - GSP,696a395bb6ac2e9c473b35ad,https://testbook.com/ugc-education-rajat-priti-gsp,https://cdn.testbook.com/resources/productionimages/UGC%20NET%20Online%20Coaching_All_1686734606_All_1710227032_All_1768294046.jpg
UGC - Law & Paper 1 (Rajat Kumar & Priti Hooda) - GSP,696a395fd46fcfcfcce8a310,https://testbook.com/ugc-law-rajat-priti-gsp,https://cdn.testbook.com/resources/productionimages/UGC%20NET%20Online%20Coaching_All_1686734606_All_1710227032_All_1768293849.jpg
UGC - Hindi & Paper 1 (Rajat Kumar & Priti Hooda) - GSP,696a39641011abbabc7ab059,https://testbook.com/ugc-hindi-rajat-priti-gsp,https://cdn.testbook.com/resources/productionimages/UGC%20NET%20Online%20Coaching_All_1686734606_All_1710227032_All_1768293616.jpg
UGC - English & Paper 1 (Rajat Kumar & Priti Hooda) - GSP,696a39672eb47041010cc0f8,https://testbook.com/ugc-english-rajat-priti-gsp,https://cdn.testbook.com/resources/productionimages/UGC%20NET%20Online%20Coaching_All_1686734606_All_1710227032_All_1768293380.jpg
UGC - Sociology & Paper 1 (Rajat Kumar & Priti Hooda) - GSP,696a39712eb47041010cc1e1,https://testbook.com/ugc-sociology-rajat-priti-gsp,https://cdn.testbook.com/resources/productionimages/UGC%20NET%20Online%20Coaching_All_1686734606_All_1710227032_All_1768291833.jpg
UGC - History & Paper 1 (Rajat Kumar & Priti Hooda) - GSP,696a39760f5b86b6f286a321,https://testbook.com/ugc-history-rajat-priti-gsp,https://cdn.testbook.com/resources/productionimages/UGC%20NET%20Online%20Coaching_All_1686734606_All_1710227032_All_1768291516.jpg
UGC - Political Science & Paper 1 (Rajat Kumar & Priti Hooda) - GSP,696a39793397659801324d22,https://testbook.com/ugc-political-science-rajat-priti-gsp,https://cdn.testbook.com/resources/productionimages/UGC%20NET%20Online%20Coaching_All_1686734606_All_1710227032_All_1768289513.jpg
UGC NET/JRF June 2026 (Guaranteed Selection Program),696b3d4a462023fc1fd08db9,https://testbook.com/ugc-net-gsp,https://cdn.testbook.com/resources/productionimages/1920x966_All_1769587906.jpg
SSC JE (Mechanical) Guaranteed Selection Program 2026,696e2a6de281bc5a4ead9f51,https://testbook.com/ssc-je-mechanical-2026,https://cdn.testbook.com/resources/productionimages/SSC-Full-Form-SSC-Logo_All_1768827674.png
SSC JE (Civil) Guaranteed Selection Program 2026,696e31ec63fe855fdf568de8,https://testbook.com/ssc-je-civil-2026,https://cdn.testbook.com/resources/productionimages/SSC-Full-Form-SSC-Logo_All_1768829872.png
Odisha Assistant Teacher,696f69c9a37f071aee4d1b59,https://testbook.com/odisha-assistant-teacher,https://cdn.testbook.com/resources/productionimages/images%20%281%29_All_1768909495.png
MPESB ITI Training Officer,6972247a3e785c349c725b5a,https://testbook.com/mpesb-iti-to,https://cdn.testbook.com/resources/productionimages/Employees_Selection_Board_All_1769088474.jpg
MPESB ITI Training Officer E-Books,6978509f10b2d029ba5a5253,https://testbook.com/mpesb-iti-to-ebook-1,
स्वराज्य MPSC Rajyaseva 2027 (Integrated NCERT) Batch,6978c1ace1c9a51437450944,https://testbook.com/mpsc-2027,https:
यशोदय MPSC Rajyseva 2027 (Integrated NCERT) Batch E-Books,6979b7642ddf1aafa147ab10,https://testbook.com/mpsc-2027-ebook-1,
OSSSC Panchayat Executive Officer (PEO),697c6b0acda47ca28daaa801,https://testbook.com/osssc-peo,https://cdn.testbook.com/resources/productionimages/images_All_1766630843.png
UP Homeguard,69805c1380781a9f9e3e35b8,https://testbook.com/up-homeguard-2026,https:
UP Homeguard E-Books,6980726fe74da95d0d454836,https://testbook.com/up-homeguard-2026-ebook-1,
Nirnay IAS 2027 - Prarambh (प्रारम्भ) Batch - 2 (Hinglish),6981a0837aee133b6bef3807,https://testbook.com/upsc-cse,https://cdn.testbook.com/resources/productionimages/Prarambh%202%20Higlish%20Sq%20card_All_1770721522.png
Nirnay IAS 2027 - Prarambh (प्रारम्भ) Batch - 2 (Hinglish) with Optional,6981a0a15c72d50c358cfc23,https://testbook.com/upsc-cse-prarambh-hinglish-with-optional,https://cdn.testbook.com/resources/productionimages/Prarambh%202%20With%20Optional_All_1770721847.png
(Practice Issue Testing) UGC - History & Paper 1 (Rajat Kumar & Priti Hooda) - GSP,6981b391bc2e60f2ddda3fef,https://testbook.com/practice-issue-testing,https://cdn.testbook.com/resources/productionimages/UGC%20NET%20Online%20Coaching_All_1686734606_All_1710227032_All_1768291516.jpg
Nirnay IAS 2027 - Prarambh Batch - 2 (English),6981de9ae245e6b503aacf1e,https://testbook.com/upsc-cse-prarambh-english-2,https:
Nirnay IAS 2027 - Prarambh Batch - 2 (English) with Optional,6981dea8fc4b503259bdc1bf,https://testbook.com/upsc-cse-prarambh-2-english,https://cdn.testbook.com/resources/productionimages/Prarambh%202%20English%20with%20Optional_All_1770724814.png
Current Affairs - February 2026 E- book,698aca1dfdabb89df7cbe0d6,https://testbook.com/current-affairs-february-2026,https://cdn.testbook.com/resources/productionimages/CURRENT%20AFFAIRS%20%E2%80%93%20FEBRUARY%202026%20E-%20BOOK_All_1770706264.png
RRB JE Mechanical 2026,698b1823befbe2b2a33586f5,https://testbook.com/rrb-je-mechanical-engineering-2026,https://cdn.testbook.com/resources/productionimages/1920X966%20%282%29_All_1771660204.png
NCL Assistant Foreman 2026,698c1a39e54511e2ed534172,https://testbook.com/ncl-assistant-foreman-2026,https://cdn.testbook.com/resources/productionimages/1920X966%20%281%29_All_1771240814.png
NCL Assistant Foreman 2026 E-Books,698c8b52991ca5dec7b661f2,https://testbook.com/ncl-assistant-foreman-2026-ebook-1,
OSSSC Panchayat Executive Officer (PEO) E-Books,698f0350ba90ca6634c597b0,https://testbook.com/osssc-peo-ebook-1,
Odisha Assistant Teacher E-Books,698f0351b5d856b3a30eebf8,https://testbook.com/odisha-assistant-teacher-ebook-1,
UGC NET Paper 1 By Rajat Sir,698f0da9d1c3e2b6089b8434,https://testbook.com/ugc-net-by-rajat-sir,https://cdn.testbook.com/resources/productionimages/Goal%20Card_All_1752216585.png
RRB JE Electrical 2026,6994381373b6a0b7f3fd0a81,https://testbook.com/rrb-je-electrical-engineering-2026,https://cdn.testbook.com/resources/productionimages/1920X966%20%281%29_All_1771660173.png
RRB JE Civil 2026,69944545f98ef6c62a309fae,https://testbook.com/rrb-je-civil-engineering-2026,https://cdn.testbook.com/resources/productionimages/1920X966_All_1771660140.png
RRB JE Electronics & CS 2026,699448d7dee0cc5b7bc63655,https://testbook.com/rrb-je-ec-cs-2026,https://cdn.testbook.com/resources/productionimages/1920X966%20%283%29_All_1771660232.png
DSSSB JE Civil,699d41c2ef234368aeb4aa90,https://testbook.com/dsssb-je-civil,https://cdn.testbook.com/resources/productionimages/mcv18780_ds_All_1771913918.jpg
UPSC CSE - Polity Foundation Batch,69a5906b86408682542abdc7,https://testbook.com/upsc-cse-polity,https:
UGC NET/SET Foundation - Sanskrit,69a660867149de0a3b1793b6,https://testbook.com/ugc-sanskrit-foundation,https://cdn.testbook.com/resources/productionimages/UGC%20NET%20Online%20Coaching_All_1686734606_All_1710227032_All_1768297243.jpg
Teaching Exam Subjective Test Series (KVS/EMRS/UP LT Grade),69aaddc2a5a522d7f1ae044a,https://testbook.com/teaching-descriptive,https://cdn.testbook.com/resources/productionimages/Teaching%20subjective%20%281%29_All_1772804596.png
RRB ALP (CBT 1 + CBT 2 + CBAT) 2026,69ae5f6ef7a56b723aeea46a,https://testbook.com/rrb-alp-2026,https://cdn.testbook.com/resources/productionimages/Vivek%201920x966_All_1746180334.png
UGC NET Paper 1,69ae6a120c88b267e7d25abf,https://testbook.com/ugc-net-paper-1-a,https:
RRB ALP/Technician 2025,69aea20124e378723c75a731,https://testbook.com/rrb-alp-tech-2025,https://cdn.testbook.com/resources/productionimages/Vivek%201920x966_All_1746180334.png
